/*
SQLyog Ultimate v8.71 
MySQL - 5.5.16 : Database - reckontor
*********************************************************************
*/

/*!40101 SET NAMES utf8 */;

/*!40101 SET SQL_MODE=''*/;

/*!40014 SET @OLD_UNIQUE_CHECKS=@@UNIQUE_CHECKS, UNIQUE_CHECKS=0 */;
/*!40014 SET @OLD_FOREIGN_KEY_CHECKS=@@FOREIGN_KEY_CHECKS, FOREIGN_KEY_CHECKS=0 */;
/*!40101 SET @OLD_SQL_MODE=@@SQL_MODE, SQL_MODE='NO_AUTO_VALUE_ON_ZERO' */;
/*!40111 SET @OLD_SQL_NOTES=@@SQL_NOTES, SQL_NOTES=0 */;
CREATE DATABASE /*!32312 IF NOT EXISTS*/`reckontor` /*!40100 DEFAULT CHARACTER SET latin1 */;

USE `reckontor`;

/*Table structure for table `core_settings` */

DROP TABLE IF EXISTS `core_settings`;

CREATE TABLE `core_settings` (
  `slug` varchar(30) COLLATE utf8_unicode_ci NOT NULL,
  `default` text COLLATE utf8_unicode_ci NOT NULL,
  `value` text COLLATE utf8_unicode_ci NOT NULL,
  PRIMARY KEY (`slug`),
  UNIQUE KEY `unique - slug` (`slug`),
  KEY `index - slug` (`slug`)
) ENGINE=InnoDB DEFAULT CHARSET=utf8 COLLATE=utf8_unicode_ci COMMENT='Stores settings for the multi-site interface';

/*Data for the table `core_settings` */

insert  into `core_settings`(`slug`,`default`,`value`) values ('date_format','g:ia -- m/d/y','g:ia -- m/d/y'),('lang_direction','ltr','ltr'),('status_message','This site has been disabled by a super-administrator.','This site has been disabled by a super-administrator.');

/*Table structure for table `core_sites` */

DROP TABLE IF EXISTS `core_sites`;

CREATE TABLE `core_sites` (
  `id` int(5) NOT NULL AUTO_INCREMENT,
  `name` varchar(100) COLLATE utf8_unicode_ci NOT NULL,
  `ref` varchar(20) COLLATE utf8_unicode_ci NOT NULL,
  `domain` varchar(100) COLLATE utf8_unicode_ci DEFAULT NULL,
  `active` tinyint(1) NOT NULL DEFAULT '1',
  `created_on` int(11) NOT NULL DEFAULT '0',
  `updated_on` int(11) NOT NULL DEFAULT '0',
  PRIMARY KEY (`id`),
  UNIQUE KEY `Unique ref` (`ref`),
  UNIQUE KEY `Unique domain` (`domain`),
  KEY `ref` (`ref`),
  KEY `domain` (`domain`)
) ENGINE=InnoDB AUTO_INCREMENT=2 DEFAULT CHARSET=utf8 COLLATE=utf8_unicode_ci;

/*Data for the table `core_sites` */

insert  into `core_sites`(`id`,`name`,`ref`,`domain`,`active`,`created_on`,`updated_on`) values (1,'Default Site','default','localhost',1,1353209398,0);

/*Table structure for table `core_users` */

DROP TABLE IF EXISTS `core_users`;

CREATE TABLE `core_users` (
  `id` smallint(5) unsigned NOT NULL AUTO_INCREMENT,
  `email` varchar(40) COLLATE utf8_unicode_ci NOT NULL DEFAULT '',
  `password` varchar(100) COLLATE utf8_unicode_ci NOT NULL DEFAULT '',
  `salt` varchar(6) COLLATE utf8_unicode_ci NOT NULL DEFAULT '',
  `group_id` int(11) DEFAULT NULL,
  `ip_address` varchar(16) COLLATE utf8_unicode_ci DEFAULT NULL,
  `active` int(1) DEFAULT NULL,
  `activation_code` varchar(40) COLLATE utf8_unicode_ci DEFAULT NULL,
  `created_on` int(11) NOT NULL,
  `last_login` int(11) NOT NULL,
  `username` varchar(20) COLLATE utf8_unicode_ci DEFAULT NULL,
  `forgotten_password_code` varchar(40) COLLATE utf8_unicode_ci DEFAULT NULL,
  `remember_code` varchar(40) COLLATE utf8_unicode_ci DEFAULT NULL,
  PRIMARY KEY (`id`),
  KEY `email` (`email`)
) ENGINE=InnoDB AUTO_INCREMENT=2 DEFAULT CHARSET=utf8 COLLATE=utf8_unicode_ci COMMENT='Super User Information';

/*Data for the table `core_users` */

insert  into `core_users`(`id`,`email`,`password`,`salt`,`group_id`,`ip_address`,`active`,`activation_code`,`created_on`,`last_login`,`username`,`forgotten_password_code`,`remember_code`) values (1,'admin@ongoasia.com','e26262cb46e116db9b18d8c53a6f94f39a2f4858','925ad3',1,'',1,'',1353209396,1353209396,'administrator',NULL,NULL);

/*Table structure for table `default_blog` */

DROP TABLE IF EXISTS `default_blog`;

CREATE TABLE `default_blog` (
  `id` int(11) NOT NULL AUTO_INCREMENT,
  `title` varchar(100) COLLATE utf8_unicode_ci NOT NULL,
  `slug` varchar(100) COLLATE utf8_unicode_ci NOT NULL,
  `category_id` int(11) NOT NULL,
  `attachment` varchar(255) COLLATE utf8_unicode_ci NOT NULL DEFAULT '',
  `intro` text COLLATE utf8_unicode_ci NOT NULL,
  `body` text COLLATE utf8_unicode_ci NOT NULL,
  `parsed` text COLLATE utf8_unicode_ci NOT NULL,
  `keywords` varchar(32) COLLATE utf8_unicode_ci NOT NULL DEFAULT '',
  `author_id` int(11) NOT NULL DEFAULT '0',
  `created_on` int(11) NOT NULL,
  `updated_on` int(11) NOT NULL DEFAULT '0',
  `comments_enabled` int(1) NOT NULL DEFAULT '1',
  `status` enum('draft','live') COLLATE utf8_unicode_ci NOT NULL DEFAULT 'draft',
  `type` set('html','markdown','wysiwyg-advanced','wysiwyg-simple') COLLATE utf8_unicode_ci NOT NULL,
  `preview_hash` char(32) COLLATE utf8_unicode_ci NOT NULL DEFAULT '',
  PRIMARY KEY (`id`),
  UNIQUE KEY `unique_title` (`title`),
  KEY `category_id` (`category_id`)
) ENGINE=InnoDB AUTO_INCREMENT=10 DEFAULT CHARSET=utf8 COLLATE=utf8_unicode_ci;

/*Data for the table `default_blog` */

insert  into `default_blog`(`id`,`title`,`slug`,`category_id`,`attachment`,`intro`,`body`,`parsed`,`keywords`,`author_id`,`created_on`,`updated_on`,`comments_enabled`,`status`,`type`,`preview_hash`) values (1,'Thailand','thailand',1,'','The Kingdom of Thailand draws more visitors than any other country in southeast Asia, with its irresistible combination of natural beauty, inspiring temples, renowned hospitality, robust cuisine and ruins of fabulous ancient kingdoms.','<div align=\"justify\">\r\n	<strong>General Info </strong></div>\r\n<div align=\"justify\">\r\n	The Kingdom of Thailand draws more visitors than any other country in southeast Asia with its irresistible combination of breathtaking natural beauty, inspiring temples, renowned hospitality, robust cuisine and ruins of fabulous ancient kingdoms. Few countries are so well endowed.<br />\r\n	<br />\r\n	From the stupa-studded mountains of Mae Hong Son and the verdant limestone islands of the Andaman Sea, to the pulse-pounding dance clubs of Bangkok and the tranquil villages moored along the Mekong River, Thailand offers something for every type of traveller.<br />\r\n	<a target=\"_blank\"><br />\r\n	http://www.lonelyplanet.com/worldguide/thailand/</a><br />\r\n	<br />\r\n	<strong>Climate</strong><br />\r\n	Thailand enjoys a tropical climate with 3 distinct seasons – summer from March through May, rainy with plenty of sunshine from June to September and cool from October through February. The average annual temperature is 28°C (83°F), ranging, in Bangkok, for example, from 30°C in April to 25°C in December.<br />\r\n	<br />\r\n	<strong>People</strong><br />\r\n	Throughout her long history, Thailand has gently absorbed immigrants. Many were skilled as writers, painters, sculptors, dancers, musicians and architects, and helped enrich indigenous culture. Some 80% of all Thais are connected in some way with agriculture which, in varying degrees, influences and is influenced by the religious ceremonies and festivals that help make Thailand such a distinctive country.<br />\r\n	<br />\r\n	<strong>Religion</strong><br />\r\n	Theravada Buddhism is the professed religion of more than 90% of all Thais, and casts strong influences on daily life. Buddhism first appeared in Thailand during the 3rd Century B.C. at Nakhon Pathom, site of the world\'s tallest Buddhist monument, after the Indian Buddhist Emperor Asoka (267-227 B.C.) despatched missionaries to Southeast Asia to propagate the newly established faith. Besides moulding morality, providing social cohesion and offering spiritual succour, Buddhism provided incomparable artistic impetus. In common with medieval European cathedrals, Thailand\'s innumerable multiroofed temples inspired major artistic creation. Another reason for Buddhism\'s strength is that there are few Thai Buddhist families in which at least one male member has not studied the Buddha\'s teachings in a monastery. It has long been a custom for Buddhist males over twenty, once in their lifetimes, to be ordained for a period ranging from some days to months. Besides sustaining monastic communities, Thai temples have traditionally served other purposes as the village hostelry, village news, employment and information agency, a school, hospital, dispensary and community centre to give them vital roles in Thai society. The Thais have always subscribed to the ideal of religious freedom. Thus sizeable minorities of Muslims, Christians, Hindus and Sikhs freely pursue their respective faiths.<br />\r\n	<br />\r\n	<strong>Language</strong><br />\r\n	Spoken and written Thai remain largely incomprehensible to the casual visitor. However, English is widely understood, particularly in Bangkok where it is almost the major commercial language. English and other European languages are spoken in most hotels, shops and restaurants, in major tourist destinations, and Thai-English road and street signs are found nation-wide.<br />\r\n	<br />\r\n	<a target=\"_blank\">http://www.asia-planet.net/thailand/thailand-brief.htm</a><br />\r\n	<br />\r\n	<strong>Travel Documents.</strong><br />\r\n	To enter Thailand, you are required to have a valid passport with at least six months validity from the time of entry. It is always good to have your passport size photos together with you while you are travelling overseas.<br />\r\n	<br />\r\n	<strong>Food</strong><br />\r\n	Thai food is internationally famous. Whether chilli-hot or comparatively blands, harmony is the guiding principle behind each dish. Thai cuisine is essentially a marriage of centuries-old Eastern and Western influences harmoniously combined into something uniquely Thai. The characteristics of Thai food depend on who cooks it, for whom it is cooked, for what occasion, and where it is cooked to suit all palates. Originally, Thai cooking reflected the characteristics of a waterborne lifestyle. Aquatic animals, plants and herbs were major ingredients. Large chunks of meat were eschewed. Subsequent influences introduced the use of sizeable chunks to Thai cooking.<br />\r\n	<br />\r\n	<strong>Eating &amp; Ordering Thai Food </strong><br />\r\n	Thai food is eaten with a fork and spoon. Even single dish meals such as fried rice with pork, or steamed rice topped with roasted duck, are served in bite-sized slices or chunks obviating the need for a knife. The spoon is used to convey food to the mouth.<br />\r\n	<br />\r\n	The ideal Thai meal is a harmonious blend of the spicy, the subtle, the sweet and sour, and is meant to be equally satisfying to eye, nose and palate. A typical meal might include a clear soup (perhaps bitter melons stuffed with minced pork), a steamed dish (mussels in curry sauce), a fried dish (fish with ginger), a hot salad (beef slices on a bed of lettuce, onions, chillies, mint and lemon juice) and a variety of sauces into which food is dipped. This would be followed by sweet desserts and/or fresh fruits such as mangoes, durian, jackfruit, papaya, grapes or melon.<br />\r\n	<br />\r\n	<a target=\"_blank\">http://www.sawadee.com/thailand/food/index.htm</a><br />\r\n	<br />\r\n	<strong>clothes</strong><br />\r\n	Light, natural fabrics. For example, cotton are best for staying cool. A sun hat or baseball cap is another extremely useful item to take with you.<br />\r\n	Men should usually wear a suit and tie for business however, as a concession to climate, going in tie and shirtsleeves is acceptable. Generally, Thai tend to dress informally (mostly in western style) bu neatly and prefer visitors to do likewise. Respectable dress is required when visiting temples. Shoes and any head gear cap etc. shoud be removed whenever you enter a temple or a private home. <a target=\"_blank\"><br />\r\n	<br />\r\n	http://www.virtualtourist.com/travel/Asia/Thailand/Central_Eastern_Thailand/Bangkok-1445238/Packing_Lists-Bangkok-Lightweight_clothing-BR-1.html</a><br />\r\n	<br />\r\n	<strong>Tipping </strong><br />\r\n	Tipping in customary in Thailand, although perhaps not to the extent or magnitude that is practised in many western countries. All public taxi rates are metered, and both Thais and local expats commonly round off the fare upwards as a tip. High-end tourist oriented restaurants and major hotels may include a ten percent service charge in the bill. For hotels in busy tourist areas, it is customary to tip hotel staff.<br />\r\n	Bear in mind that the majority of workers in the hospitality and service industries in Thailand earn very little, so a small tip goes a long way. Of course, if the service is unacceptable (which is unlikely) then don\'t tip. Residents in urban areas like Bangkok have grown accustomed to tipping. In fact, many a taxi driver has given their blessing and hope for eternal riches on the back of an unexpected tip. It doesn\'t hurt to give a little. And the smile of appreciation will light up your day.<br />\r\n	<br />\r\n	<strong>Etiquette</strong><br />\r\n	<strong>When visiting temples, dress conservatively - women particularly should wear long skirts or trousers, have their shoulders covered, and should not wear sandals. Many temples state as you enter that photography is not allowed. Even if there is no sign, please be respectful and consider whether it is appropriate to be taking flash photography of a place of worship. Even more so if monks are present worshipping!</strong><br />\r\n	<br />\r\n	Always remove your shoes when entering temples, and do not sit with your feet towards the Buddha - sit either cross-legged, or with your feet tucked behind you. In many Asian cultures the feet are considered the lowest, dirtiest part of the body, and the head the highest. Hence do not point to things with your feet, hold doors open with your feet, point your feet to the Buddha images, point at or touch peoples\' heads, or under any circumstance, touch monks.<br />\r\n	<br />\r\n	The King is very highly regarded, almost universally, as evidenced by the pictures displayed everywhere. Do not say anything disrespectful of the King or the royal family, even to the extent of stomping on a coin which has been dropped and is rolling away (it bears an image of the King\'s head, and is insulting to Thais to be touched by your feet.)<br />\r\n	<a target=\"_blank\"><br />\r\n	http://www.tripadvisor.com/Travel-g293915-s606/Thailand:Tipping.And.Etiquette.html</a><br />\r\n	<br />\r\n	<strong>Electricity</strong><br />\r\n	he electricity in Thailand is 220 volts, 50 cycles/sec.<br />\r\n	<a target=\"_blank\"><br />\r\n	http://www.thailandguru.com/electricity-220volts-thailand.html</a><br />\r\n	<br />\r\n	<strong>Customs Procedures. </strong><br />\r\n	As a basic rule-of-thumb, all valuable items brought into the country such as jewelry, cameras, electrical equipment, etc. must be declared upon arrival and subsequently brought out of the country upon departure. All foreign currency in excess of $2,000 must also be declared. Export of handicrafts considered to be antique, or of artwork thought to have archaeological significance is prohibited. Export of any allowed items must be accompanied by an official dealer\'s receipt. Our NXNE Ground Staff will be at Airport to assist your arrival.<br />\r\n	<br />\r\n	<strong>Bording crossings:</strong><br />\r\n	Make sure to get an exit stamp when you leave Thailand by land, river or sea. At some border crossings stamping may be lax. If you were to re-enter Thailand and the immigration police noticed you didn\'t have an exit stamp from your previous visit, you could find yourself in jail for weeks while the case was sorted out. These are the international border points where Thai Customs and Immigration posts allow foreigners to legally cross to or from neighboring countries.<br />\r\n	<br />\r\n	<strong>Thailand</strong><br />\r\n	Betong, Padang Besar, Sadao, Sungai Kolok, Chiang Khong, Chong Mek, Mukadahan, Nakhon Phanom, Nong Khai, Aranya Prathet, Hat Lek, Mae Sai, Mae Sot, Ranong, Three Pagodas Pass<br />\r\n	http://www.lostluggagetales.com/resources/thailand-border-crossing.shtml<br />\r\n	<br />\r\n	<strong>duty free allowance</strong><br />\r\n	The duty free allowance will be applied to accompanied personal effects up to Baht 10,000 worth if:<br />\r\n	• The items are intended for your own personal or professional use.<br />\r\n	• The quantity is reasonable.<br />\r\n	• The items are not subject to prohibition or restriction.<br />\r\n	<br />\r\n	<strong>TOBACCO PRODUCTS AND ALCOHOLIC DRINKS</strong><br />\r\n	There are limits on the amount of alcoholic beverages, cigarettes, cigars and smoking tobacco to which you may include in your duty free personal exemption as follows:<br />\r\n	• No more than 200 cigarettes<br />\r\n	• No more than 500 grams* of smoking tobacco (includes cigars)<br />\r\n	• 200 cigarettes and cigars or smoking tobacco each or in total must not exceed 500 grams*<br />\r\n	• 1 litre of spirituous liquor<br />\r\n	<a target=\"_blank\">http://www.tatnews.org/others/3225.asp</a><br />\r\n	<br />\r\n	<strong>Passport &amp; Visa</strong><br />\r\n	<br />\r\n	<strong>Passports</strong><br />\r\n	Passport valid for six months on date of application required by all nationals referred to in the chart above.<br />\r\n	<br />\r\n	<strong>Visas</strong><br />\r\n	Not required by all nationals referred to in the chart above for touristic stays of up to 30 days, provided they hold valid passports, sufficient funds and confirmed tickets to leave<br />\r\n	<br />\r\n	<strong>Thailand, except:</strong><br />\r\n	1. nationals of Bulgaria, Romania and Malta who do need to obtain a visa before travelling to Thailand;<br />\r\n	2. nationals of Cyprus, Czech Republic, Estonia, Hungary, Latvia, Liechtenstein, Lithuania, Poland, Slovak Republic and Slovenia who may apply for visas on arrival for stays of up to 15 days.<br />\r\n	<br />\r\n	<strong>Visa Note</strong><br />\r\n	(a) The total duration of stay in Thailand for persons who enter Thailand without a visa cannot exceed 90 days during any six month period, counting from the date of first entry. (b) If you intend on staying or working in Thailand for longer than 30 days you must obtain an extension of stay or a valid visa. (c) Nationals not referred to in the chart above are advised to contact the embassy to check visa requirements (see Contact Addresses).<br />\r\n	<br />\r\n	<br />\r\n	<strong>Types of Visa and Cost</strong><br />\r\n	Single-entry tourist visa: £28; double-entry tourist visa: £56.<br />\r\n	<br />\r\n	<strong>Validity</strong><br />\r\n	Single-entry: three months. Multiple-entry: six months.<br />\r\n	<a target=\"_blank\"><br />\r\n	http://www.worldtravelguide.net/country/279/passport_visa/South-East-Asia/Thailand.html</a><br />\r\n	<br />\r\n	<strong>Behavior:</strong><br />\r\n	The Kingdom of Thailand attracts more visitors than any other country in Southeast Asia with its irresistible combination of breathtaking natural beauty, inspiring temples and ancient ruins or erstwhile kingdoms, its renowned hospitality and its robust cuisine. Few countries are so well endowed with national and natural treasures.<br />\r\n	From the stupa-studded mountains of Mae Hong Son and the verdant limestone islands of the Andaman Sea, to the pulse-pounding dance clubs of Bangkok and the tranquil villages nestling along the Mekong River, Thailand offers something for every type of traveller.<br />\r\n	<br />\r\n	<strong>The Land of Smiles<br />\r\n	A smile comes easily to Thai lips and for that reason the country is been called the Land of Smiles.<br />\r\n	<br />\r\n	Thai Greeting the Wai.</strong><br />\r\n	The Wai is the traditional Thai greeting which is used instead of a handshake, but it can also be used as a means of saying sorry, thank you or to pay respect. A Thai person will often Wai as he or she approaches a temple, Buddha image or other item of religious or cultural significance.<br />\r\n	<br />\r\n	On being introduced to a Thai he or she will wai you the greeting should be should returned with a Wai. Generally the younger Wais first, but the Wai of a small child is best return by a big smile.<br />\r\n	<br />\r\n	If you receive a ‘thank you’ or courtesy Wai from an airline stewardess, a doorman or after tipping a waitress it is inappropriate to return the Wai but a smile is always welcome.<br />\r\n	<br />\r\n	Whilst Thai people are among the most tolerant, friendly and forbearing of hosts, they have nevertheless a number of customs and taboos which the visitor should respect.<br />\r\n	<br />\r\n	<strong>Some Dos and Don’ts</strong><br />\r\n	• Avoid touching people on the head even as a friendly gesture.<br />\r\n	• Keep your feet on the ground where they belong.<br />\r\n	• Do not touch, point at, display or show the soles of your feet to anyone especially a Buddha image.<br />\r\n	• Do not criticise the king or the monarchy.<br />\r\n	• Do not criticise Buddhism or the Lord Buddha.<br />\r\n	• Take off shoes when entering private houses, temple chapels, places where there is a Buddha image.<br />\r\n	• Women should dress appropriately in Buddhist temples, cover shoulders and legs, do not wear shorts.<br />\r\n	• Even in stressful situations stay calm and smile do not raise your voice or become angry this achieves nothing.<br />\r\n	• Public displays of affection between men and women are frowned upon. You may see Westernised young Thai\'s holding hands in public, but that is as far as it goes, in polite society. Men on the other hand display friendship by holding hands.<br />\r\n	• Topless bathing is against the law in Thailand so do not do it as it causes great offence.<br />\r\n	The Thai people have a deep traditional reverence for the Royal Family, and the visitor should also show respect for the King and the Queen, and the Royal Children. When attending a public event where a member of the Royal Family is present, the best guide on how to behave is to watch the crowd and do as it does.<br />\r\n	Follow these few simple rules and your stay in the Land of Smiles will be a memorable one.<br />\r\n	<a target=\"_blank\"><br />\r\n	http://thailand-travel.suite101.com/article.cfm/thailand_dos_and_donts</a><br />\r\n	<br />\r\n	<strong>Communications.</strong><br />\r\n	International Telephone calls, Internet access, Fax and postal services are available at major hotels.<br />\r\n	<br />\r\n	<strong>Local time</strong><br />\r\n	GMT + 7:00 hrs hours or +13:00 hours for EST (subtract 1 hour for daylight savings).<br />\r\n	<br />\r\n	<strong>International Telephone Code.</strong><br />\r\n	++66<br />\r\n	<br />\r\n	<strong>Drinking water</strong><br />\r\n	In general, people don\'t drink tap water, with bottled water being the norm.<br />\r\n	Brushing your teeth with tap water is generally safe.<br />\r\n	<br />\r\n	When eating out, the water is generally safe. In cafes and restaurants, you have an option of buying a small bottle of water for your table or getting a glass of water without the bottle. The latter generally comes from a big bottle in the back, i.e., is the same as if you order your own small bottle. However, many street vendors will give you water that has a pale color. The coloring is due to a tea leaf, and signifies that it is boiled tap water.<br />\r\n	<br />\r\n	It is common for vendors to purchase large quantities of ice rather than produce it themself. Ice is produced in factories that are licensed and inspected by the government. This ice is distributed to vendors all over. There are occasionally hygiene problems in packaging, transportation and storage, but it\'s rare that anyone gets sick from it.</div>\r\n<p align=\"justify\">\r\n	<a target=\"_blank\"> http://www.thailandguru.com/drinking-water-thailand.html</a></p>\r\n<strong>Mobile phones</strong><br />\r\nIf you’re going to Thailand on holiday for a couple of weeks you’ll probably want to have a mobile phone to keep in touch. Here we explain your options for staying connected while in Thailand.<br />\r\n<br />\r\n<strong>Using your mobile phone in Thailand</strong><br />\r\nNowadays it’s relatively easy to use your own mobile phone from your home country in most other countries in the world provided they have a developed telephone infrastructure. Thailand has a very well developed mobile telecommunications infrastructure which means you’ll have good coverage in all but the most rural and mountainous areas of the country. In order to find out if your own mobile phone will work in Thailand first check to see if it’s a GSM phone.<br />\r\n<br />\r\nThis means your phone is capable of being used on different telecom bands in different places. However, depending on what country you are in you may need to call your telephone service provider and make sure that they can activate international roaming on your mobile phone.<br />\r\n<br />\r\nThe advantage of using your own mobile phone in Thailand is that your friends back home will be able to keep in touch with you on your regular number; however, the costs of both making and receiving phone calls when you are in Thailand are so high that it’s probably not a good idea if you are staying longer than a couple of weeks.<br />\r\n<br />\r\n<strong>Buying a SIM Card in Thailand</strong><br />\r\nBuying a SIM card once you are in Thailand is probably an easier and cheaper option. A SIM card can be bought on a pay as you go basis for about 1000 Thai Baht of $30. Calls are cheap to make and free to receive. The only thing you have to consider is whether your own mobile phone is locked. Many phone providers deliberately lock their phones to make it impossible to use on rival networks. This can be overcome however for a small price at any phone shop in Thailand. Mobile phone retailers are very<br />\r\n<a target=\"_blank\">http://www.kwintessential.co.uk/articles/article/Thailand/Mobile-Phones-&amp;-SIM-Cards-in-Thailand/494</a><br />\r\n<br />\r\n• <strong>Pre-departure planning</strong><br />\r\n<br />\r\n<strong>Insurance</strong><br />\r\nWe recommend all NXNE clients to obtain the necessary personal baggage, medical and accident insurance before arrival. SOS Worldwide has a local representative office in Yangon with a 24 hour on call service for emergency evacuation and medical assistance.<br />\r\nWe suggest you bring:<br />\r\n<br />\r\n<ul>\r\n	• Flat walking shoes &amp; sandals<br />\r\n	• Hat &amp; sunglasses<br />\r\n	• Swimming attire<br />\r\n	• Money belt<br />\r\n	• Lightweight waterproof coat or umbrella<br />\r\n	• Basic first aid kit<br />\r\n	• Alarm clock<br />\r\n	• Small torch (flashlight)<br />\r\n	• Power adapter<br />\r\n	• Women’s sanitary products<br />\r\n	• Slide film or any specialized camera equipment (print film is available in main towns)<br />\r\n	• Ear plugs\r\n</ul>\r\n<a target=\"_blank\">http://www.jetaboutasiavacations.com/predepart_thailand.htm</a><br />\r\n<br />\r\n•<strong> Medical &amp; health considerations</strong><br />\r\n<br />\r\n<strong>Health Concerns:</strong><br />\r\nNo vaccination certificate is required to enter Thailand, unless you are coming from an infected area.<br />\r\n<br />\r\n<strong>Routine Vaccinations</strong><br />\r\nSee your doctor at least 4–6 weeks before your trip to allow time for shots to take effect. If it is less than 4 weeks before you leave, you should still see your doctor. It might not be too late to get your shots or medications as well as other information about how to protect yourself from illness and injury while travelling.<br />\r\n<br />\r\n<em><strong>Important:</strong></em> This document is not a complete medical guide for travellers to Thailand. Consult with your doctor for specific information related to your needs and your medical history; recommendations may differ for pregnant women, young children, and persons who have chronic medical conditions.<br />\r\n<br />\r\n<strong>• Legal matters</strong><br />\r\n<br />\r\n<strong>Safety and Security.</strong><br />\r\nMuggings, robberies and petty theft are rare, but it is a good idea to keep an eye on valuables and overnight train trips are not recommended. No night time road travel is recommended due to the condition of most of the roads and public transportation. Certain “no – go “areas are to be avoided, but those areas are clearly identified by the government. Burmese women never travel without at least one female companion. Female visitors doing so are regarded as slightly strange by the locals. Being a Buddhist country, women travelers are rarely hassled in public. Please do not engage in political discussions with the local people, especially in public places, as this is viewed as a sensitive subject by the local government.','','',9,1366205280,1366205418,0,'live','wysiwyg-advanced',''),(2,'Who we are?','who-we-are',2,'','<p style=\"margin: 0px 0px 10px; padding: 0px; border: 0px; font-size: 13px; font-family: arial, helvetica, clean, sans-serif; vertical-align: baseline; line-height: 19px; color: rgb(51, 51, 51);\">\r\n	We want you to feel like you’re traveling with an insider, everywhere you go, every time you travel. That\'s our main goal here at Ongoasia</p>','<p style=\"margin: 0px 0px 10px; padding: 0px; border: 0px; font-size: 13px; font-family: arial, helvetica, clean, sans-serif; vertical-align: baseline; line-height: 19px; color: rgb(51, 51, 51);\">\r\n	As passionate travelers ourselves, we understand the value of having a trusted resource you can rely on to help you find, research and book the world’s best travel experiences. For over 15 years, Ongoasia has curated the largest and most diverse selection of worldwide tours and activities—from traditional sightseeing tours to unique once-in-a-lifetime experiences—all provided by local tour operators we’ve pre-screened for quality, value and service. Our activities are supported by more than 350,000 verified reviews, photos and videos posted by travelers like you, all backed by our low-price guarantee.</p>\r\n<p style=\"margin: 0px 0px 10px; padding: 0px; border: 0px; font-size: 13px; font-family: arial, helvetica, clean, sans-serif; vertical-align: baseline; line-height: 19px; color: rgb(51, 51, 51);\">\r\n	Ongoasia, Inc. sells tours and activities through the award-winning Viator.com website, ten local-language sites serving North and South American, European and Japanese markets, five fully optimized mobile sites and more than 2,000 affiliate sites that include major hotel chains and airlines, online travel agencies, city-specific sites and more. For travelers on the go—the&nbsp;Ongoasia&nbsp;<a href=\"http://itunes.apple.com/us/app/viator-tours-activities/id434832826?mt=8\" style=\"margin: 0px; padding: 0px; border-width: 0px 0px 0.1em; border-bottom-style: solid; font-style: inherit; font-family: inherit; vertical-align: baseline; font-variant: inherit; line-height: inherit; color: rgb(0, 117, 154); text-decoration: none; outline: 0px;\">&nbsp;Tours &amp; Activities App</a>&nbsp;for iPhone, iPad, iPod and Android provides quick and easy hand-held access to the most memorable travel experiences, bookable up to the last minute, even in-destination!</p>\r\n<p style=\"margin: 0px 0px 10px; padding: 0px; border: 0px; font-size: 13px; font-family: arial, helvetica, clean, sans-serif; vertical-align: baseline; line-height: 19px; color: rgb(51, 51, 51);\">\r\n	Learn more—and connect with us!—by reading the&nbsp;Ongoasia&nbsp;<a href=\"http://travelblog.viator.com/\" style=\"margin: 0px; padding: 0px; border-width: 0px 0px 0.1em; border-bottom-style: solid; font-style: inherit; font-family: inherit; vertical-align: baseline; font-variant: inherit; line-height: inherit; color: rgb(0, 117, 154); text-decoration: none; outline: 0px;\">&nbsp;Travel Blog</a>, become our fan on&nbsp;<a href=\"http://www.facebook.com/ViatorTours\" style=\"margin: 0px; padding: 0px; border-width: 0px 0px 0.1em; border-bottom-style: solid; font-style: inherit; font-family: inherit; vertical-align: baseline; font-variant: inherit; line-height: inherit; color: rgb(0, 117, 154); text-decoration: none; outline: 0px;\">Facebook</a>, follow us on&nbsp;<a href=\"http://twitter.com/ViatorTravel\" style=\"margin: 0px; padding: 0px; border-width: 0px 0px 0.1em; border-bottom-style: solid; font-style: inherit; font-family: inherit; vertical-align: baseline; font-variant: inherit; line-height: inherit; color: rgb(0, 117, 154); text-decoration: none; outline: 0px;\">Twitter</a>,&nbsp;<a href=\"http://plus.google.com/u/0/110915389173456652093\" style=\"margin: 0px; padding: 0px; border-width: 0px 0px 0.1em; border-bottom-style: solid; font-style: inherit; font-family: inherit; vertical-align: baseline; font-variant: inherit; line-height: inherit; color: rgb(0, 117, 154); text-decoration: none; outline: 0px;\">Google+</a>, or&nbsp;<a href=\"http://pinterest.com/viatortravel\" style=\"margin: 0px; padding: 0px; border-width: 0px 0px 0.1em; border-bottom-style: solid; font-style: inherit; font-family: inherit; vertical-align: baseline; font-variant: inherit; line-height: inherit; color: rgb(0, 117, 154); text-decoration: none; outline: 0px;\">Pinterest</a>&nbsp;or subscribe to our&nbsp;<a href=\"http://www.youtube.com/user/ViatorTravel\" style=\"margin: 0px; padding: 0px; border-width: 0px 0px 0.1em; border-bottom-style: solid; font-style: inherit; font-family: inherit; vertical-align: baseline; font-variant: inherit; line-height: inherit; color: rgb(0, 117, 154); text-decoration: none; outline: 0px;\">YouTube channel</a>.</p>','','',9,1366755180,1366756075,0,'live','wysiwyg-advanced',''),(3,'What we do','what-we-do',2,'','<span style=\"color: rgb(51, 51, 51); font-family: arial, helvetica, clean, sans-serif; font-size: 13px; line-height: 19px;\">Ongoasia is the world’s leading resource for researching, finding and booking tours and travel experiences worldwide.</span>','<div class=\"mbm\" id=\"mm_3905\" layoutcode=\"CP1a\" mmid=\"3905\" position=\"1\" style=\"margin-top: 0px; margin-right: 0px; margin-left: 0px; padding: 0px; border: 0px; font-size: 13px; font-family: arial, helvetica, clean, sans-serif; vertical-align: baseline; line-height: 19px; color: rgb(51, 51, 51); margin-bottom: 10px !important;\">\r\n	<div class=\"media man\" style=\"padding: 0px; border: 0px; font-style: inherit; font-family: inherit; vertical-align: baseline; font-variant: inherit; line-height: inherit; overflow: hidden; zoom: 1; margin: 0px !important;\">\r\n		<div class=\"bd\" style=\"margin: 0px; padding: 0px; border: 0px; font-style: inherit; font-family: inherit; vertical-align: baseline; font-variant: inherit; line-height: inherit; overflow: hidden; zoom: 1;\">\r\n			<div class=\"cms-content mhm mts\" style=\"margin-bottom: 0px; padding: 0px; border: 0px; font-style: inherit; font-family: inherit; vertical-align: baseline; font-variant: inherit; line-height: inherit; margin-top: 5px !important; margin-right: 10px !important; margin-left: 10px !important;\">\r\n				<p style=\"margin: 0px 0px 10px; padding: 0px; border: 0px; font-style: inherit; font-family: inherit; vertical-align: baseline; font-variant: inherit; line-height: inherit;\">\r\n					Our staff of travel insiders has hand-selected the best things to do in more than 1,000 destinations. Working closely with trusted local tour and activity operators, Ongoasia makes it very simple for all travelers to find exactly what they want to do, and, uncover things they didn’t even know they could do. We’ve done the homework, made all the connections, and even pulled a few strings to make sure our customers have unprecedented insider access provided by a global network of trustworthy and reliable local businesses.</p>\r\n				<p style=\"margin: 0px 0px 10px; padding: 0px; border: 0px; font-style: inherit; font-family: inherit; vertical-align: baseline; font-variant: inherit; line-height: inherit;\">\r\n					And the result? Travelers have direct access to more than 15,000 travel experiences, from basic and traditional sightseeing tours to incredibly exclusive unique finds—and everything in between. From popular double-decker bus tours to private VIP experiences, from adrenaline-pumping outdoor activities to cultural and family-friendly experiences, from shore excursions to show tickets, city passes, day trips, multi-day excursions...you name it, and we probably have it, all hand-selected by the&nbsp;Ongoasia&nbsp;team, all available online or on your phone. That means you can book everything in advance which can help avoid sell-outs in high season and save time in-destination for exploration. Or, if you’re more of a spur-of-the-moment type (or if you are taking advantage of a few spare moments with your mobile device),&nbsp;Ongoasia&nbsp;lets you book up to the last minute as well, with handy apps and an optimized mobile website.</p>\r\n				<p style=\"margin: 0px 0px 10px; padding: 0px; border: 0px; font-style: inherit; font-family: inherit; vertical-align: baseline; font-variant: inherit; line-height: inherit;\">\r\n					A sample of our more than 15,000 activities include:</p>\r\n			</div>\r\n		</div>\r\n	</div>\r\n</div>\r\n<div class=\"mbm\" id=\"mm_3906\" layoutcode=\"CP1a\" mmid=\"3906\" position=\"2\" style=\"margin-top: 0px; margin-right: 0px; margin-left: 0px; padding: 0px; border: 0px; font-size: 13px; font-family: arial, helvetica, clean, sans-serif; vertical-align: baseline; line-height: 19px; color: rgb(51, 51, 51); margin-bottom: 10px !important;\">\r\n	<h2 class=\"strong h3 mbn\" style=\"margin-top: 10px; margin-right: 10px; margin-left: 10px; padding: 0px; border: 0px; font-weight: normal; font-size: 18px; font-family: inherit; vertical-align: baseline; font-variant: inherit; line-height: 1.1; margin-bottom: 0px !important;\">\r\n		Tours &amp; Sightseeing</h2>\r\n	<div class=\"media man\" style=\"padding: 0px; border: 0px; font-style: inherit; font-family: inherit; vertical-align: baseline; font-variant: inherit; line-height: inherit; overflow: hidden; zoom: 1; margin: 0px !important;\">\r\n		<div class=\"img mvm mlm\" style=\"margin-right: 0px; padding: 0px; border: 0px; font-style: inherit; font-family: inherit; vertical-align: baseline; font-variant: inherit; line-height: inherit; float: left; margin-top: 10px !important; margin-bottom: 10px !important; margin-left: 10px !important;\">\r\n			<img alt=\"\" height=\"90\" src=\"http://cache.graphicslib.viator.com/graphicslib/mm/Paris-Citroen-Driving-Tour_3906_1.jpg\" style=\"margin: 0px; padding: 0px; border: 0px; font-style: inherit; font-family: inherit; vertical-align: baseline; font-variant: inherit; line-height: inherit; display: block;\" width=\"127\" /></div>\r\n		<div class=\"bd\" style=\"margin: 0px; padding: 0px; border: 0px; font-style: inherit; font-family: inherit; vertical-align: baseline; font-variant: inherit; line-height: inherit; overflow: hidden; zoom: 1;\">\r\n			<div class=\"cms-content mhm mts\" style=\"margin-bottom: 0px; padding: 0px; border: 0px; font-style: inherit; font-family: inherit; vertical-align: baseline; font-variant: inherit; line-height: inherit; margin-top: 5px !important; margin-right: 10px !important; margin-left: 10px !important;\">\r\n				<ul style=\"margin: 0px 0px 10px; padding-right: 0px; padding-left: 0px; border: 0px; font-style: inherit; font-family: inherit; vertical-align: baseline; font-variant: inherit; line-height: inherit; list-style: none;\">\r\n					<li style=\"margin: 0px 0px 0px 25px; padding: 0px; border: 0px; font-style: inherit; font-family: inherit; vertical-align: baseline; font-variant: inherit; line-height: inherit; list-style-type: disc;\">\r\n						Private, guided groups &amp; self-guided tours</li>\r\n					<li style=\"margin: 0px 0px 0px 25px; padding: 0px; border: 0px; font-style: inherit; font-family: inherit; vertical-align: baseline; font-variant: inherit; line-height: inherit; list-style-type: disc;\">\r\n						Coach &amp; mini-van tours</li>\r\n					<li style=\"margin: 0px 0px 0px 25px; padding: 0px; border: 0px; font-style: inherit; font-family: inherit; vertical-align: baseline; font-variant: inherit; line-height: inherit; list-style-type: disc;\">\r\n						Shore excursions for cruise passengers</li>\r\n					<li style=\"margin: 0px 0px 0px 25px; padding: 0px; border: 0px; font-style: inherit; font-family: inherit; vertical-align: baseline; font-variant: inherit; line-height: inherit; list-style-type: disc;\">\r\n						Multi-day excursions</li>\r\n					<li style=\"margin: 0px 0px 0px 25px; padding: 0px; border: 0px; font-style: inherit; font-family: inherit; vertical-align: baseline; font-variant: inherit; line-height: inherit; list-style-type: disc;\">\r\n						Hop-on Hop-off bus tours &amp; Segway tours</li>\r\n				</ul>\r\n			</div>\r\n		</div>\r\n	</div>\r\n</div>\r\n<div class=\"mbm\" id=\"mm_27664\" layoutcode=\"CP1a\" mmid=\"27664\" position=\"3\" style=\"margin-top: 0px; margin-right: 0px; margin-left: 0px; padding: 0px; border: 0px; font-size: 13px; font-family: arial, helvetica, clean, sans-serif; vertical-align: baseline; line-height: 19px; color: rgb(51, 51, 51); margin-bottom: 10px !important;\">\r\n	<h2 class=\"strong h3 mbn\" style=\"margin-top: 10px; margin-right: 10px; margin-left: 10px; padding: 0px; border: 0px; font-weight: normal; font-size: 18px; font-family: inherit; vertical-align: baseline; font-variant: inherit; line-height: 1.1; margin-bottom: 0px !important;\">\r\n		Exclusive VIP Tours</h2>\r\n	<div class=\"media man\" style=\"padding: 0px; border: 0px; font-style: inherit; font-family: inherit; vertical-align: baseline; font-variant: inherit; line-height: inherit; overflow: hidden; zoom: 1; margin: 0px !important;\">\r\n		<div class=\"img mvm mlm\" style=\"margin-right: 0px; padding: 0px; border: 0px; font-style: inherit; font-family: inherit; vertical-align: baseline; font-variant: inherit; line-height: inherit; float: left; margin-top: 10px !important; margin-bottom: 10px !important; margin-left: 10px !important;\">\r\n			<img alt=\"\" height=\"90\" src=\"http://cache.graphicslib.viator.com/graphicslib/mm/B_Versailles_Neptune_Fountain_France_shutterstock_56180470_27664_1.jpg\" style=\"margin: 0px; padding: 0px; border: 0px; font-style: inherit; font-family: inherit; vertical-align: baseline; font-variant: inherit; line-height: inherit; display: block;\" width=\"127\" /></div>\r\n		<div class=\"bd\" style=\"margin: 0px; padding: 0px; border: 0px; font-style: inherit; font-family: inherit; vertical-align: baseline; font-variant: inherit; line-height: inherit; overflow: hidden; zoom: 1;\">\r\n			<div class=\"cms-content mhm mts\" style=\"margin-bottom: 0px; padding: 0px; border: 0px; font-style: inherit; font-family: inherit; vertical-align: baseline; font-variant: inherit; line-height: inherit; margin-top: 5px !important; margin-right: 10px !important; margin-left: 10px !important;\">\r\n				<ul style=\"margin: 0px 0px 10px; padding-right: 0px; padding-left: 0px; border: 0px; font-style: inherit; font-family: inherit; vertical-align: baseline; font-variant: inherit; line-height: inherit; list-style: none;\">\r\n					<li style=\"margin: 0px 0px 0px 25px; padding: 0px; border: 0px; font-style: inherit; font-family: inherit; vertical-align: baseline; font-variant: inherit; line-height: inherit; list-style-type: disc;\">\r\n						Special-access to iconic attractions</li>\r\n					<li style=\"margin: 0px 0px 0px 25px; padding: 0px; border: 0px; font-style: inherit; font-family: inherit; vertical-align: baseline; font-variant: inherit; line-height: inherit; list-style-type: disc;\">\r\n						Expert guides and premium service</li>\r\n					<li style=\"margin: 0px 0px 0px 25px; padding: 0px; border: 0px; font-style: inherit; font-family: inherit; vertical-align: baseline; font-variant: inherit; line-height: inherit; list-style-type: disc;\">\r\n						Private or small groups only</li>\r\n				</ul>\r\n			</div>\r\n		</div>\r\n	</div>\r\n</div>\r\n<div class=\"mbm\" id=\"mm_3909\" layoutcode=\"CP1a\" mmid=\"3909\" position=\"4\" style=\"margin-top: 0px; margin-right: 0px; margin-left: 0px; padding: 0px; border: 0px; font-size: 13px; font-family: arial, helvetica, clean, sans-serif; vertical-align: baseline; line-height: 19px; color: rgb(51, 51, 51); margin-bottom: 10px !important;\">\r\n	<h2 class=\"strong h3 mbn\" style=\"margin-top: 10px; margin-right: 10px; margin-left: 10px; padding: 0px; border: 0px; font-weight: normal; font-size: 18px; font-family: inherit; vertical-align: baseline; font-variant: inherit; line-height: 1.1; margin-bottom: 0px !important;\">\r\n		Air, Helicopter &amp; Balloon</h2>\r\n	<div class=\"media man\" style=\"padding: 0px; border: 0px; font-style: inherit; font-family: inherit; vertical-align: baseline; font-variant: inherit; line-height: inherit; overflow: hidden; zoom: 1; margin: 0px !important;\">\r\n		<div class=\"img mvm mlm\" style=\"margin-right: 0px; padding: 0px; border: 0px; font-style: inherit; font-family: inherit; vertical-align: baseline; font-variant: inherit; line-height: inherit; float: left; margin-top: 10px !important; margin-bottom: 10px !important; margin-left: 10px !important;\">\r\n			<img alt=\"\" height=\"90\" src=\"http://cache.graphicslib.viator.com/graphicslib/mm/3909_1.jpg\" style=\"margin: 0px; padding: 0px; border: 0px; font-style: inherit; font-family: inherit; vertical-align: baseline; font-variant: inherit; line-height: inherit; display: block;\" width=\"127\" /></div>\r\n		<div class=\"bd\" style=\"margin: 0px; padding: 0px; border: 0px; font-style: inherit; font-family: inherit; vertical-align: baseline; font-variant: inherit; line-height: inherit; overflow: hidden; zoom: 1;\">\r\n			<div class=\"cms-content mhm mts\" style=\"margin-bottom: 0px; padding: 0px; border: 0px; font-style: inherit; font-family: inherit; vertical-align: baseline; font-variant: inherit; line-height: inherit; margin-top: 5px !important; margin-right: 10px !important; margin-left: 10px !important;\">\r\n				<ul style=\"margin: 0px 0px 10px; padding-right: 0px; padding-left: 0px; border: 0px; font-style: inherit; font-family: inherit; vertical-align: baseline; font-variant: inherit; line-height: inherit; list-style: none;\">\r\n					<li style=\"margin: 0px 0px 0px 25px; padding: 0px; border: 0px; font-style: inherit; font-family: inherit; vertical-align: baseline; font-variant: inherit; line-height: inherit; list-style-type: disc;\">\r\n						Helicopter sightseeing flights</li>\r\n					<li style=\"margin: 0px 0px 0px 25px; padding: 0px; border: 0px; font-style: inherit; font-family: inherit; vertical-align: baseline; font-variant: inherit; line-height: inherit; list-style-type: disc;\">\r\n						Small plane tours</li>\r\n					<li style=\"margin: 0px 0px 0px 25px; padding: 0px; border: 0px; font-style: inherit; font-family: inherit; vertical-align: baseline; font-variant: inherit; line-height: inherit; list-style-type: disc;\">\r\n						Hot-air balloon rides</li>\r\n				</ul>\r\n			</div>\r\n		</div>\r\n	</div>\r\n</div>\r\n<div class=\"mbm\" id=\"mm_3915\" layoutcode=\"CP1a\" mmid=\"3915\" position=\"5\" style=\"margin-top: 0px; margin-right: 0px; margin-left: 0px; padding: 0px; border: 0px; font-size: 13px; font-family: arial, helvetica, clean, sans-serif; vertical-align: baseline; line-height: 19px; color: rgb(51, 51, 51); margin-bottom: 10px !important;\">\r\n	<h2 class=\"strong h3 mbn\" style=\"margin-top: 10px; margin-right: 10px; margin-left: 10px; padding: 0px; border: 0px; font-weight: normal; font-size: 18px; font-family: inherit; vertical-align: baseline; font-variant: inherit; line-height: 1.1; margin-bottom: 0px !important;\">\r\n		Outdoor Activities</h2>\r\n	<div class=\"media man\" style=\"padding: 0px; border: 0px; font-style: inherit; font-family: inherit; vertical-align: baseline; font-variant: inherit; line-height: inherit; overflow: hidden; zoom: 1; margin: 0px !important;\">\r\n		<div class=\"img mvm mlm\" style=\"margin-right: 0px; padding: 0px; border: 0px; font-style: inherit; font-family: inherit; vertical-align: baseline; font-variant: inherit; line-height: inherit; float: left; margin-top: 10px !important; margin-bottom: 10px !important; margin-left: 10px !important;\">\r\n			<img alt=\"\" height=\"90\" src=\"http://cache.graphicslib.viator.com/graphicslib/mm/Las-Vegas-Tandem-Skydiving-Tour_3915_1.jpg\" style=\"margin: 0px; padding: 0px; border: 0px; font-style: inherit; font-family: inherit; vertical-align: baseline; font-variant: inherit; line-height: inherit; display: block;\" width=\"127\" /></div>\r\n		<div class=\"bd\" style=\"margin: 0px; padding: 0px; border: 0px; font-style: inherit; font-family: inherit; vertical-align: baseline; font-variant: inherit; line-height: inherit; overflow: hidden; zoom: 1;\">\r\n			<div class=\"cms-content mhm mts\" style=\"margin-bottom: 0px; padding: 0px; border: 0px; font-style: inherit; font-family: inherit; vertical-align: baseline; font-variant: inherit; line-height: inherit; margin-top: 5px !important; margin-right: 10px !important; margin-left: 10px !important;\">\r\n				<ul style=\"margin: 0px 0px 10px; padding-right: 0px; padding-left: 0px; border: 0px; font-style: inherit; font-family: inherit; vertical-align: baseline; font-variant: inherit; line-height: inherit; list-style: none;\">\r\n					<li style=\"margin: 0px 0px 0px 25px; padding: 0px; border: 0px; font-style: inherit; font-family: inherit; vertical-align: baseline; font-variant: inherit; line-height: inherit; list-style-type: disc;\">\r\n						Safaris &amp; canopy ziplines</li>\r\n					<li style=\"margin: 0px 0px 0px 25px; padding: 0px; border: 0px; font-style: inherit; font-family: inherit; vertical-align: baseline; font-variant: inherit; line-height: inherit; list-style-type: disc;\">\r\n						4WD &amp; ATV Rides</li>\r\n					<li style=\"margin: 0px 0px 0px 25px; padding: 0px; border: 0px; font-style: inherit; font-family: inherit; vertical-align: baseline; font-variant: inherit; line-height: inherit; list-style-type: disc;\">\r\n						Scuba, snorkeling &amp; surfing</li>\r\n					<li style=\"margin: 0px 0px 0px 25px; padding: 0px; border: 0px; font-style: inherit; font-family: inherit; vertical-align: baseline; font-variant: inherit; line-height: inherit; list-style-type: disc;\">\r\n						Kayaking &amp; rafting</li>\r\n				</ul>\r\n			</div>\r\n		</div>\r\n	</div>\r\n</div>\r\n<div class=\"mbm\" id=\"mm_3911\" layoutcode=\"CP1a\" mmid=\"3911\" position=\"6\" style=\"margin-top: 0px; margin-right: 0px; margin-left: 0px; padding: 0px; border: 0px; font-size: 13px; font-family: arial, helvetica, clean, sans-serif; vertical-align: baseline; line-height: 19px; color: rgb(51, 51, 51); margin-bottom: 10px !important;\">\r\n	<h2 class=\"strong h3 mbn\" style=\"margin-top: 10px; margin-right: 10px; margin-left: 10px; padding: 0px; border: 0px; font-weight: normal; font-size: 18px; font-family: inherit; vertical-align: baseline; font-variant: inherit; line-height: 1.1; margin-bottom: 0px !important;\">\r\n		Walking &amp; Biking</h2>\r\n	<div class=\"media man\" style=\"padding: 0px; border: 0px; font-style: inherit; font-family: inherit; vertical-align: baseline; font-variant: inherit; line-height: inherit; overflow: hidden; zoom: 1; margin: 0px !important;\">\r\n		<div class=\"img mvm mlm\" style=\"margin-right: 0px; padding: 0px; border: 0px; font-style: inherit; font-family: inherit; vertical-align: baseline; font-variant: inherit; line-height: inherit; float: left; margin-top: 10px !important; margin-bottom: 10px !important; margin-left: 10px !important;\">\r\n			<img alt=\"\" height=\"90\" src=\"http://cache.graphicslib.viator.com/graphicslib/mm/B_iStock_000014786485Small_3911_1.jpg\" style=\"margin: 0px; padding: 0px; border: 0px; font-style: inherit; font-family: inherit; vertical-align: baseline; font-variant: inherit; line-height: inherit; display: block;\" width=\"127\" /></div>\r\n		<div class=\"bd\" style=\"margin: 0px; padding: 0px; border: 0px; font-style: inherit; font-family: inherit; vertical-align: baseline; font-variant: inherit; line-height: inherit; overflow: hidden; zoom: 1;\">\r\n			<div class=\"cms-content mhm mts\" style=\"margin-bottom: 0px; padding: 0px; border: 0px; font-style: inherit; font-family: inherit; vertical-align: baseline; font-variant: inherit; line-height: inherit; margin-top: 5px !important; margin-right: 10px !important; margin-left: 10px !important;\">\r\n				<ul style=\"margin: 0px 0px 10px; padding-right: 0px; padding-left: 0px; border: 0px; font-style: inherit; font-family: inherit; vertical-align: baseline; font-variant: inherit; line-height: inherit; list-style: none;\">\r\n					<li style=\"margin: 0px 0px 0px 25px; padding: 0px; border: 0px; font-style: inherit; font-family: inherit; vertical-align: baseline; font-variant: inherit; line-height: inherit; list-style-type: disc;\">\r\n						Private &amp; guided walking tours</li>\r\n					<li style=\"margin: 0px 0px 0px 25px; padding: 0px; border: 0px; font-style: inherit; font-family: inherit; vertical-align: baseline; font-variant: inherit; line-height: inherit; list-style-type: disc;\">\r\n						Bike tours &amp; mountain bike rides</li>\r\n					<li style=\"margin: 0px 0px 0px 25px; padding: 0px; border: 0px; font-style: inherit; font-family: inherit; vertical-align: baseline; font-variant: inherit; line-height: inherit; list-style-type: disc;\">\r\n						Self-guided audio tours</li>\r\n				</ul>\r\n			</div>\r\n		</div>\r\n	</div>\r\n</div>\r\n<div class=\"mbm\" id=\"mm_3910\" layoutcode=\"CP1a\" mmid=\"3910\" position=\"7\" style=\"margin-top: 0px; margin-right: 0px; margin-left: 0px; padding: 0px; border: 0px; font-size: 13px; font-family: arial, helvetica, clean, sans-serif; vertical-align: baseline; line-height: 19px; color: rgb(51, 51, 51); margin-bottom: 10px !important;\">\r\n	<h2 class=\"strong h3 mbn\" style=\"margin-top: 10px; margin-right: 10px; margin-left: 10px; padding: 0px; border: 0px; font-weight: normal; font-size: 18px; font-family: inherit; vertical-align: baseline; font-variant: inherit; line-height: 1.1; margin-bottom: 0px !important;\">\r\n		Cultural &amp; Theme Tours</h2>\r\n	<div class=\"media man\" style=\"padding: 0px; border: 0px; font-style: inherit; font-family: inherit; vertical-align: baseline; font-variant: inherit; line-height: inherit; overflow: hidden; zoom: 1; margin: 0px !important;\">\r\n		<div class=\"img mvm mlm\" style=\"margin-right: 0px; padding: 0px; border: 0px; font-style: inherit; font-family: inherit; vertical-align: baseline; font-variant: inherit; line-height: inherit; float: left; margin-top: 10px !important; margin-bottom: 10px !important; margin-left: 10px !important;\">\r\n			<img alt=\"\" height=\"90\" src=\"http://cache.graphicslib.viator.com/graphicslib/mm/hollywood_sign_3910_1.jpg\" style=\"margin: 0px; padding: 0px; border: 0px; font-style: inherit; font-family: inherit; vertical-align: baseline; font-variant: inherit; line-height: inherit; display: block;\" width=\"127\" /></div>\r\n		<div class=\"bd\" style=\"margin: 0px; padding: 0px; border: 0px; font-style: inherit; font-family: inherit; vertical-align: baseline; font-variant: inherit; line-height: inherit; overflow: hidden; zoom: 1;\">\r\n			<div class=\"cms-content mhm mts\" style=\"margin-bottom: 0px; padding: 0px; border: 0px; font-style: inherit; font-family: inherit; vertical-align: baseline; font-variant: inherit; line-height: inherit; margin-top: 5px !important; margin-right: 10px !important; margin-left: 10px !important;\">\r\n				<ul style=\"margin: 0px 0px 10px; padding-right: 0px; padding-left: 0px; border: 0px; font-style: inherit; font-family: inherit; vertical-align: baseline; font-variant: inherit; line-height: inherit; list-style: none;\">\r\n					<li style=\"margin: 0px 0px 0px 25px; padding: 0px; border: 0px; font-style: inherit; font-family: inherit; vertical-align: baseline; font-variant: inherit; line-height: inherit; list-style-type: disc;\">\r\n						History &amp; heritage</li>\r\n					<li style=\"margin: 0px 0px 0px 25px; padding: 0px; border: 0px; font-style: inherit; font-family: inherit; vertical-align: baseline; font-variant: inherit; line-height: inherit; list-style-type: disc;\">\r\n						Art &amp; music</li>\r\n					<li style=\"margin: 0px 0px 0px 25px; padding: 0px; border: 0px; font-style: inherit; font-family: inherit; vertical-align: baseline; font-variant: inherit; line-height: inherit; list-style-type: disc;\">\r\n						Movie &amp; television</li>\r\n				</ul>\r\n			</div>\r\n		</div>\r\n	</div>\r\n</div>\r\n<div class=\"mbm\" id=\"mm_27665\" layoutcode=\"CP1a\" mmid=\"27665\" position=\"8\" style=\"margin-top: 0px; margin-right: 0px; margin-left: 0px; padding: 0px; border: 0px; font-size: 13px; font-family: arial, helvetica, clean, sans-serif; vertical-align: baseline; line-height: 19px; color: rgb(51, 51, 51); margin-bottom: 10px !important;\">\r\n	<h2 class=\"strong h3 mbn\" style=\"margin-top: 10px; margin-right: 10px; margin-left: 10px; padding: 0px; border: 0px; font-weight: normal; font-size: 18px; font-family: inherit; vertical-align: baseline; font-variant: inherit; line-height: 1.1; margin-bottom: 0px !important;\">\r\n		Food &amp; Wine Activities</h2>\r\n	<div class=\"media man\" style=\"padding: 0px; border: 0px; font-style: inherit; font-family: inherit; vertical-align: baseline; font-variant: inherit; line-height: inherit; overflow: hidden; zoom: 1; margin: 0px !important;\">\r\n		<div class=\"img mvm mlm\" style=\"margin-right: 0px; padding: 0px; border: 0px; font-style: inherit; font-family: inherit; vertical-align: baseline; font-variant: inherit; line-height: inherit; float: left; margin-top: 10px !important; margin-bottom: 10px !important; margin-left: 10px !important;\">\r\n			<img alt=\"\" height=\"90\" src=\"http://cache.graphicslib.viator.com/graphicslib/mm/Wine_Cheese_iStock_000016563261XSmall_27665_1.jpg\" style=\"margin: 0px; padding: 0px; border: 0px; font-style: inherit; font-family: inherit; vertical-align: baseline; font-variant: inherit; line-height: inherit; display: block;\" width=\"127\" /></div>\r\n		<div class=\"bd\" style=\"margin: 0px; padding: 0px; border: 0px; font-style: inherit; font-family: inherit; vertical-align: baseline; font-variant: inherit; line-height: inherit; overflow: hidden; zoom: 1;\">\r\n			<div class=\"cms-content mhm mts\" style=\"margin-bottom: 0px; padding: 0px; border: 0px; font-style: inherit; font-family: inherit; vertical-align: baseline; font-variant: inherit; line-height: inherit; margin-top: 5px !important; margin-right: 10px !important; margin-left: 10px !important;\">\r\n				<ul style=\"margin: 0px 0px 10px; padding-right: 0px; padding-left: 0px; border: 0px; font-style: inherit; font-family: inherit; vertical-align: baseline; font-variant: inherit; line-height: inherit; list-style: none;\">\r\n					<li style=\"margin: 0px 0px 0px 25px; padding: 0px; border: 0px; font-style: inherit; font-family: inherit; vertical-align: baseline; font-variant: inherit; line-height: inherit; list-style-type: disc;\">\r\n						Cooking classes &amp; food market tours</li>\r\n					<li style=\"margin: 0px 0px 0px 25px; padding: 0px; border: 0px; font-style: inherit; font-family: inherit; vertical-align: baseline; font-variant: inherit; line-height: inherit; list-style-type: disc;\">\r\n						Vineyard &amp; brewery tours, wine &amp; beer tastings</li>\r\n					<li style=\"margin: 0px 0px 0px 25px; padding: 0px; border: 0px; font-style: inherit; font-family: inherit; vertical-align: baseline; font-variant: inherit; line-height: inherit; list-style-type: disc;\">\r\n						Dinner cruises &amp; dining with locals</li>\r\n				</ul>\r\n			</div>\r\n		</div>\r\n	</div>\r\n</div>\r\n<div class=\"mbm\" id=\"mm_3913\" layoutcode=\"CP1a\" mmid=\"3913\" position=\"9\" style=\"margin-top: 0px; margin-right: 0px; margin-left: 0px; padding: 0px; border: 0px; font-size: 13px; font-family: arial, helvetica, clean, sans-serif; vertical-align: baseline; line-height: 19px; color: rgb(51, 51, 51); margin-bottom: 10px !important;\">\r\n	<h2 class=\"strong h3 mbn\" style=\"margin-top: 10px; margin-right: 10px; margin-left: 10px; padding: 0px; border: 0px; font-weight: normal; font-size: 18px; font-family: inherit; vertical-align: baseline; font-variant: inherit; line-height: 1.1; margin-bottom: 0px !important;\">\r\n		Family-friendly Activities</h2>\r\n	<div class=\"media man\" style=\"padding: 0px; border: 0px; font-style: inherit; font-family: inherit; vertical-align: baseline; font-variant: inherit; line-height: inherit; overflow: hidden; zoom: 1; margin: 0px !important;\">\r\n		<div class=\"img mvm mlm\" style=\"margin-right: 0px; padding: 0px; border: 0px; font-style: inherit; font-family: inherit; vertical-align: baseline; font-variant: inherit; line-height: inherit; float: left; margin-top: 10px !important; margin-bottom: 10px !important; margin-left: 10px !important;\">\r\n			<img alt=\"\" height=\"90\" src=\"http://cache.graphicslib.viator.com/graphicslib/mm/shrek3Dglasses_3913_1.jpg\" style=\"margin: 0px; padding: 0px; border: 0px; font-style: inherit; font-family: inherit; vertical-align: baseline; font-variant: inherit; line-height: inherit; display: block;\" width=\"127\" /></div>\r\n		<div class=\"bd\" style=\"margin: 0px; padding: 0px; border: 0px; font-style: inherit; font-family: inherit; vertical-align: baseline; font-variant: inherit; line-height: inherit; overflow: hidden; zoom: 1;\">\r\n			<div class=\"cms-content mhm mts\" style=\"margin-bottom: 0px; padding: 0px; border: 0px; font-style: inherit; font-family: inherit; vertical-align: baseline; font-variant: inherit; line-height: inherit; margin-top: 5px !important; margin-right: 10px !important; margin-left: 10px !important;\">\r\n				<ul style=\"margin: 0px 0px 10px; padding-right: 0px; padding-left: 0px; border: 0px; font-style: inherit; font-family: inherit; vertical-align: baseline; font-variant: inherit; line-height: inherit; list-style: none;\">\r\n					<li style=\"margin: 0px 0px 0px 25px; padding: 0px; border: 0px; font-style: inherit; font-family: inherit; vertical-align: baseline; font-variant: inherit; line-height: inherit; list-style-type: disc;\">\r\n						Theme parks &amp; water parks</li>\r\n					<li style=\"margin: 0px 0px 0px 25px; padding: 0px; border: 0px; font-style: inherit; font-family: inherit; vertical-align: baseline; font-variant: inherit; line-height: inherit; list-style-type: disc;\">\r\n						Zoos &amp; aquariums</li>\r\n					<li style=\"margin: 0px 0px 0px 25px; padding: 0px; border: 0px; font-style: inherit; font-family: inherit; vertical-align: baseline; font-variant: inherit; line-height: inherit; list-style-type: disc;\">\r\n						Dolphin swims</li>\r\n				</ul>\r\n			</div>\r\n		</div>\r\n	</div>\r\n</div>\r\n<div class=\"mbm\" id=\"mm_3914\" layoutcode=\"CP1a\" mmid=\"3914\" position=\"10\" style=\"margin-top: 0px; margin-right: 0px; margin-left: 0px; padding: 0px; border: 0px; font-size: 13px; font-family: arial, helvetica, clean, sans-serif; vertical-align: baseline; line-height: 19px; color: rgb(51, 51, 51); margin-bottom: 10px !important;\">\r\n	<h2 class=\"strong h3 mbn\" style=\"margin-top: 10px; margin-right: 10px; margin-left: 10px; padding: 0px; border: 0px; font-weight: normal; font-size: 18px; font-family: inherit; vertical-align: baseline; font-variant: inherit; line-height: 1.1; margin-bottom: 0px !important;\">\r\n		Tickets &amp; Shows</h2>\r\n	<div class=\"media man\" style=\"padding: 0px; border: 0px; font-style: inherit; font-family: inherit; vertical-align: baseline; font-variant: inherit; line-height: inherit; overflow: hidden; zoom: 1; margin: 0px !important;\">\r\n		<div class=\"img mvm mlm\" style=\"margin-right: 0px; padding: 0px; border: 0px; font-style: inherit; font-family: inherit; vertical-align: baseline; font-variant: inherit; line-height: inherit; float: left; margin-top: 10px !important; margin-bottom: 10px !important; margin-left: 10px !important;\">\r\n			<img alt=\"\" height=\"90\" src=\"http://cache.graphicslib.viator.com/graphicslib/mm/MammaMia_3914_1.jpg\" style=\"margin: 0px; padding: 0px; border: 0px; font-style: inherit; font-family: inherit; vertical-align: baseline; font-variant: inherit; line-height: inherit; display: block;\" width=\"127\" /></div>\r\n		<div class=\"bd\" style=\"margin: 0px; padding: 0px; border: 0px; font-style: inherit; font-family: inherit; vertical-align: baseline; font-variant: inherit; line-height: inherit; overflow: hidden; zoom: 1;\">\r\n			<div class=\"cms-content mhm mts\" style=\"margin-bottom: 0px; padding: 0px; border: 0px; font-style: inherit; font-family: inherit; vertical-align: baseline; font-variant: inherit; line-height: inherit; margin-top: 5px !important; margin-right: 10px !important; margin-left: 10px !important;\">\r\n				<ul style=\"margin: 0px 0px 10px; padding-right: 0px; padding-left: 0px; border: 0px; font-style: inherit; font-family: inherit; vertical-align: baseline; font-variant: inherit; line-height: inherit; list-style: none;\">\r\n					<li style=\"margin: 0px 0px 0px 25px; padding: 0px; border: 0px; font-style: inherit; font-family: inherit; vertical-align: baseline; font-variant: inherit; line-height: inherit; list-style-type: disc;\">\r\n						Museums &amp; attractions</li>\r\n					<li style=\"margin: 0px 0px 0px 25px; padding: 0px; border: 0px; font-style: inherit; font-family: inherit; vertical-align: baseline; font-variant: inherit; line-height: inherit; list-style-type: disc;\">\r\n						Broadway, dinner theatre &amp; cabaret</li>\r\n					<li style=\"margin: 0px 0px 0px 25px; padding: 0px; border: 0px; font-style: inherit; font-family: inherit; vertical-align: baseline; font-variant: inherit; line-height: inherit; list-style-type: disc;\">\r\n						Select sporting events</li>\r\n				</ul>\r\n			</div>\r\n		</div>\r\n	</div>\r\n</div>\r\n<p>\r\n	&nbsp;</p>','','',9,1366756080,0,1,'live','wysiwyg-advanced',''),(4,'Our Awards &amp; Press','our-awards-press',2,'','<span style=\"color: rgb(51, 51, 51); font-family: arial, helvetica, clean, sans-serif; font-size: 13px; line-height: 19px;\">Ongoasia has been in the news a lot recently, earning praise from both the travel community and major international media outlets.</span>','<div id=\"mm_4537\" layoutcode=\"CP1i\" mmid=\"4537\" position=\"1\" style=\"margin: 0px; padding: 0px; border: 0px; font-size: 13px; font-family: arial, helvetica, clean, sans-serif; vertical-align: baseline; line-height: 19px; color: rgb(51, 51, 51);\">\r\n	<div class=\"media man\" style=\"padding: 0px; border: 0px; font-style: inherit; font-family: inherit; vertical-align: baseline; font-variant: inherit; line-height: inherit; overflow: hidden; zoom: 1; margin: 0px !important;\">\r\n		<div class=\"bd\" style=\"margin: 0px; padding: 0px; border: 0px; font-style: inherit; font-family: inherit; vertical-align: baseline; font-variant: inherit; line-height: inherit; overflow: hidden; zoom: 1;\">\r\n			<div class=\"cms-content mhm mts\" style=\"margin-bottom: 0px; padding: 0px; border: 0px; font-style: inherit; font-family: inherit; vertical-align: baseline; font-variant: inherit; line-height: inherit; margin-top: 5px !important; margin-right: 10px !important; margin-left: 10px !important;\">\r\n				<p style=\"margin: 0px 0px 10px; padding: 0px; border: 0px; font-style: inherit; font-family: inherit; vertical-align: baseline; font-variant: inherit; line-height: inherit;\">\r\n					We are equally proud to be honored with the following awards and nominations. Our thanks go out to&nbsp;<i style=\"margin: 0px; padding: 0px; border: 0px; font-family: inherit; font-variant: inherit; line-height: inherit; vertical-align: baseline;\">you</i>&nbsp;for helping make Viator an award-winning travel brand.</p>\r\n			</div>\r\n		</div>\r\n	</div>\r\n</div>\r\n<div id=\"mm_4535\" layoutcode=\"LOGOS\" mmid=\"4535\" position=\"2\" style=\"margin: 0px; padding: 0px; border: 0px; font-size: 13px; font-family: arial, helvetica, clean, sans-serif; vertical-align: baseline; line-height: 19px; color: rgb(51, 51, 51);\">\r\n	<img alt=\"\" src=\"http://cache.graphicslib.viator.com/graphicslib/aboutUs/AWARDS_PRESS_graphic-20130215_4535_1.gif\" style=\"margin: 0px; padding: 0px; border: 0px; font-style: inherit; font-family: inherit; vertical-align: baseline; font-variant: inherit; line-height: inherit; display: block;\" /></div>','','',9,1366756260,0,1,'draft','wysiwyg-advanced','cc1b818729a37942f7a7c1decbb3786a'),(5,'Careers at Ongoasia','careers-at-ongoasia',2,'','<span style=\"color: rgb(51, 51, 51); font-family: arial, helvetica, clean, sans-serif; font-size: 13px; line-height: 19px;\">Ongoasia’s global team of sales managers, marketing professionals and IT specialists are passionate travelers and love what we do</span>','<div class=\"mbm\" id=\"mm_26866\" layoutcode=\"CP1a\" mmid=\"26866\" position=\"1\" style=\"margin-top: 0px; margin-right: 0px; margin-left: 0px; padding: 0px; border: 0px; font-size: 13px; font-family: arial, helvetica, clean, sans-serif; vertical-align: baseline; line-height: 19px; color: rgb(51, 51, 51); margin-bottom: 10px !important;\">\r\n	<div class=\"media man\" style=\"padding: 0px; border: 0px; font-style: inherit; font-family: inherit; vertical-align: baseline; font-variant: inherit; line-height: inherit; overflow: hidden; zoom: 1; margin: 0px !important;\">\r\n		<div class=\"bd\" style=\"margin: 0px; padding: 0px; border: 0px; font-style: inherit; font-family: inherit; vertical-align: baseline; font-variant: inherit; line-height: inherit; overflow: hidden; zoom: 1;\">\r\n			<div class=\"cms-content mhm mts\" style=\"margin-bottom: 0px; padding: 0px; border: 0px; font-style: inherit; font-family: inherit; vertical-align: baseline; font-variant: inherit; line-height: inherit; margin-top: 5px !important; margin-right: 10px !important; margin-left: 10px !important;\">\r\n				<p style=\"margin: 0px 0px 10px; padding: 0px; border: 0px; font-style: inherit; font-family: inherit; vertical-align: baseline; font-variant: inherit; line-height: inherit;\">\r\n					We’re always on the lookout for smart and savvy travelers who’d like to come on board, whether your background is social media, finance, software development, customer service, merchandizing and marketing, sales, copywriting or a number of other fields.</p>\r\n				<p style=\"margin: 0px 0px 10px; padding: 0px; border: 0px; font-style: inherit; font-family: inherit; vertical-align: baseline; font-variant: inherit; line-height: inherit;\">\r\n					Where do we do our work, you ask? We’ve got offices across three continents in four of the world’s most exciting cities: San Francisco, Las Vegas, London and Sydney. We offer competitive pay packages, health benefits*, retirement options and, of course, paid time off so you can travel!</p>\r\n				<p style=\"margin: 0px 0px 10px; padding: 0px; border: 0px; font-style: inherit; font-family: inherit; vertical-align: baseline; font-variant: inherit; line-height: inherit;\">\r\n					Interested? Take a look at our current open positions below. We also encourage you to follow us on&nbsp;<a href=\"https://www.facebook.com/ViatorTours\" style=\"margin: 0px; padding: 0px; border-width: 0px 0px 0.1em; border-bottom-style: solid; font-style: inherit; font-family: inherit; vertical-align: baseline; font-variant: inherit; line-height: inherit; color: rgb(0, 117, 154); text-decoration: none; outline: 0px;\">Facebook</a>&nbsp;or&nbsp;<a href=\"http://www.linkedin.com/company/viator\" style=\"margin: 0px; padding: 0px; border-width: 0px 0px 0.1em; border-bottom-style: solid; font-style: inherit; font-family: inherit; vertical-align: baseline; font-variant: inherit; line-height: inherit; color: rgb(0, 117, 154); text-decoration: none; outline: 0px;\">LinkedIn</a>.</p>\r\n				<p style=\"margin: 0px 0px 10px; padding: 0px; border: 0px; font-style: inherit; font-family: inherit; vertical-align: baseline; font-variant: inherit; line-height: inherit;\">\r\n					*<em style=\"margin: 0px; padding: 0px; border: 0px; font-family: inherit; vertical-align: baseline; font-variant: inherit; line-height: inherit;\">Benefits vary in our four offices based on their locations in the United States, United Kingdom and Australia.</em></p>\r\n			</div>\r\n		</div>\r\n	</div>\r\n</div>\r\n<div class=\"mbm\" id=\"mm_26869\" layoutcode=\"CP1a\" mmid=\"26869\" position=\"2\" style=\"margin-top: 0px; margin-right: 0px; margin-left: 0px; padding: 0px; border: 0px; font-size: 13px; font-family: arial, helvetica, clean, sans-serif; vertical-align: baseline; line-height: 19px; color: rgb(51, 51, 51); margin-bottom: 10px !important;\">\r\n	<h2 class=\"strong h3 mbn\" style=\"margin-top: 10px; margin-right: 10px; margin-left: 10px; padding: 0px; border: 0px; font-weight: normal; font-size: 18px; font-family: inherit; vertical-align: baseline; font-variant: inherit; line-height: 1.1; margin-bottom: 0px !important;\">\r\n		San Francisco</h2>\r\n	<div class=\"media man\" style=\"padding: 0px; border: 0px; font-style: inherit; font-family: inherit; vertical-align: baseline; font-variant: inherit; line-height: inherit; overflow: hidden; zoom: 1; margin: 0px !important;\">\r\n		<div class=\"img mvm mlm\" style=\"margin-right: 0px; padding: 0px; border: 0px; font-style: inherit; font-family: inherit; vertical-align: baseline; font-variant: inherit; line-height: inherit; float: left; margin-top: 10px !important; margin-bottom: 10px !important; margin-left: 10px !important;\">\r\n			<img alt=\"\" height=\"90\" src=\"http://cache.graphicslib.viator.com/graphicslib/mm/621416_430134890380950_2014081058_o_26869_1.jpg\" style=\"margin: 0px; padding: 0px; border: 0px; font-style: inherit; font-family: inherit; vertical-align: baseline; font-variant: inherit; line-height: inherit; display: block;\" width=\"127\" /></div>\r\n		<div class=\"bd\" style=\"margin: 0px; padding: 0px; border: 0px; font-style: inherit; font-family: inherit; vertical-align: baseline; font-variant: inherit; line-height: inherit; overflow: hidden; zoom: 1;\">\r\n			<div class=\"cms-content mhm mts\" style=\"margin-bottom: 0px; padding: 0px; border: 0px; font-style: inherit; font-family: inherit; vertical-align: baseline; font-variant: inherit; line-height: inherit; margin-top: 5px !important; margin-right: 10px !important; margin-left: 10px !important;\">\r\n				<p style=\"margin: 0px 0px 10px; padding: 0px; border: 0px; font-style: inherit; font-family: inherit; vertical-align: baseline; font-variant: inherit; line-height: inherit;\">\r\n					The Ongoasia Headquarters is located in the SoMa district and surrounded by countless restaurants, luxury hotels, the Museum of Modern Art and Yerba Buena Gardens. City hotspots like Union Square, the Embarcadero and AT&amp;T Park (home of the world-champion Giants) are a short walk away.</p>\r\n				<ul style=\"margin: 0px 0px 10px; padding-right: 0px; padding-left: 0px; border: 0px; font-style: inherit; font-family: inherit; vertical-align: baseline; font-variant: inherit; line-height: inherit; list-style: none;\">\r\n					<li style=\"margin: 0px 0px 0px 25px; padding: 0px; border: 0px; font-style: inherit; font-family: inherit; vertical-align: baseline; font-variant: inherit; line-height: inherit; list-style-type: disc;\">\r\n						<a href=\"http://www.linkedin.com/jobs?viewJob=&amp;jobId=5374593&amp;srchIndex=1&amp;trk=njsrch_hits&amp;goback=.fjs_*1_*1_*1_Y_*1_*1_*1_1_R_true_*1_*2_39827_*2_*2_*2_*2_*2_*2\" style=\"margin: 0px; padding: 0px; border-width: 0px 0px 0.1em; border-bottom-style: solid; font-style: inherit; font-family: inherit; vertical-align: baseline; font-variant: inherit; line-height: inherit; color: rgb(0, 117, 154); text-decoration: none; outline: 0px;\">Editorial Coordinator</a></li>\r\n					<li style=\"margin: 0px 0px 0px 25px; padding: 0px; border: 0px; font-style: inherit; font-family: inherit; vertical-align: baseline; font-variant: inherit; line-height: inherit; list-style-type: disc;\">\r\n						<a href=\"http://www.linkedin.com/jobs?viewJob=&amp;jobId=5374627&amp;srchIndex=0&amp;trk=njsrch_hits&amp;goback=.fjs_*1_*1_*1_Y_*1_*1_*1_1_R_true_*1_*2_39827_*2_*2_*2_*2_*2_*2\" style=\"margin: 0px; padding: 0px; border-width: 0px 0px 0.1em; border-bottom-style: solid; font-style: inherit; font-family: inherit; vertical-align: baseline; font-variant: inherit; line-height: inherit; color: rgb(0, 117, 154); text-decoration: none; outline: 0px;\">Online Marketing Assistant</a></li>\r\n					<li style=\"margin: 0px 0px 0px 25px; padding: 0px; border: 0px; font-style: inherit; font-family: inherit; vertical-align: baseline; font-variant: inherit; line-height: inherit; list-style-type: disc;\">\r\n						<a href=\"http://www.linkedin.com/jobs?viewJob=&amp;jobId=5262252&amp;goback=.bza_*1_*1_0_*1_*1_%2Fviator&amp;trk=NUS_CMPY_FOL-jobt\" style=\"margin: 0px; padding: 0px; border-width: 0px 0px 0.1em; border-bottom-style: solid; font-style: inherit; font-family: inherit; vertical-align: baseline; font-variant: inherit; line-height: inherit; color: rgb(0, 117, 154); text-decoration: none; outline: 0px;\">Product Sales Coordinator</a></li>\r\n					<li style=\"margin: 0px 0px 0px 25px; padding: 0px; border: 0px; font-style: inherit; font-family: inherit; vertical-align: baseline; font-variant: inherit; line-height: inherit; list-style-type: disc;\">\r\n						<a href=\"http://www.linkedin.com/jobs?viewJob=&amp;jobId=5261437&amp;goback=.bzo_*1_*1_*1_*1_*1_%2Fviator&amp;trk=NUS_CMPY_FOL-jobt\" style=\"margin: 0px; padding: 0px; border-width: 0px 0px 0.1em; border-bottom-style: solid; font-style: inherit; font-family: inherit; vertical-align: baseline; font-variant: inherit; line-height: inherit; color: rgb(0, 117, 154); text-decoration: none; outline: 0px;\">Product Sales Manager, Japan and SE Asia</a></li>\r\n					<li style=\"margin: 0px 0px 0px 25px; padding: 0px; border: 0px; font-style: inherit; font-family: inherit; vertical-align: baseline; font-variant: inherit; line-height: inherit; list-style-type: disc;\">\r\n						<a href=\"http://www.linkedin.com/jobs?viewJob=&amp;jobId=5400838&amp;trk=job_nov\" style=\"margin: 0px; padding: 0px; border-width: 0px 0px 0.1em; border-bottom-style: solid; font-style: inherit; font-family: inherit; vertical-align: baseline; font-variant: inherit; line-height: inherit; color: rgb(0, 117, 154); text-decoration: none; outline: 0px;\">Revenue Management Analyst</a></li>\r\n				</ul>\r\n			</div>\r\n		</div>\r\n	</div>\r\n</div>\r\n<div class=\"mbm\" id=\"mm_26870\" layoutcode=\"CP1a\" mmid=\"26870\" position=\"4\" style=\"margin-top: 0px; margin-right: 0px; margin-left: 0px; padding: 0px; border: 0px; font-size: 13px; font-family: arial, helvetica, clean, sans-serif; vertical-align: baseline; line-height: 19px; color: rgb(51, 51, 51); margin-bottom: 10px !important;\">\r\n	<h2 class=\"strong h3 mbn\" style=\"margin-top: 10px; margin-right: 10px; margin-left: 10px; padding: 0px; border: 0px; font-weight: normal; font-size: 18px; font-family: inherit; vertical-align: baseline; font-variant: inherit; line-height: 1.1; margin-bottom: 0px !important;\">\r\n		London</h2>\r\n	<div class=\"media man\" style=\"padding: 0px; border: 0px; font-style: inherit; font-family: inherit; vertical-align: baseline; font-variant: inherit; line-height: inherit; overflow: hidden; zoom: 1; margin: 0px !important;\">\r\n		<div class=\"img mvm mlm\" style=\"margin-right: 0px; padding: 0px; border: 0px; font-style: inherit; font-family: inherit; vertical-align: baseline; font-variant: inherit; line-height: inherit; float: left; margin-top: 10px !important; margin-bottom: 10px !important; margin-left: 10px !important;\">\r\n			<img alt=\"\" height=\"90\" src=\"http://cache.graphicslib.viator.com/graphicslib/mm/London%20photo_26870_1.jpg\" style=\"margin: 0px; padding: 0px; border: 0px; font-style: inherit; font-family: inherit; vertical-align: baseline; font-variant: inherit; line-height: inherit; display: block;\" width=\"127\" /></div>\r\n		<div class=\"bd\" style=\"margin: 0px; padding: 0px; border: 0px; font-style: inherit; font-family: inherit; vertical-align: baseline; font-variant: inherit; line-height: inherit; overflow: hidden; zoom: 1;\">\r\n			<div class=\"cms-content mhm mts\" style=\"margin-bottom: 0px; padding: 0px; border: 0px; font-style: inherit; font-family: inherit; vertical-align: baseline; font-variant: inherit; line-height: inherit; margin-top: 5px !important; margin-right: 10px !important; margin-left: 10px !important;\">\r\n				<p style=\"margin: 0px 0px 10px; padding: 0px; border: 0px; font-style: inherit; font-family: inherit; vertical-align: baseline; font-variant: inherit; line-height: inherit;\">\r\n					Sitting pretty just off the River Thames, our London office is near Lambeth Bridge and some of London’s popular attractions like the Houses of Parliament and Trafalgar Square. We’re also not far from the London Eye, which we love to ride, especially on our London Eye: Champagne Experience flight.</p>\r\n				<ul style=\"margin: 0px 0px 10px; padding-right: 0px; padding-left: 0px; border: 0px; font-style: inherit; font-family: inherit; vertical-align: baseline; font-variant: inherit; line-height: inherit; list-style: none;\">\r\n					<li style=\"margin: 0px 0px 0px 25px; padding: 0px; border: 0px; font-style: inherit; font-family: inherit; vertical-align: baseline; font-variant: inherit; line-height: inherit; list-style-type: disc;\">\r\n						<a href=\"http://www.linkedin.com/jobs?viewJob=&amp;jobId=5328157\" style=\"margin: 0px; padding: 0px; border-width: 0px 0px 0.1em; border-bottom-style: solid; font-style: inherit; font-family: inherit; vertical-align: baseline; font-variant: inherit; line-height: inherit; color: rgb(0, 117, 154); text-decoration: none; outline: 0px;\">Product Sales Coordinator</a></li>\r\n					<li style=\"margin: 0px 0px 0px 25px; padding: 0px; border: 0px; font-style: inherit; font-family: inherit; vertical-align: baseline; font-variant: inherit; line-height: inherit; list-style-type: disc;\">\r\n						<a href=\"http://www.linkedin.com/jobs?viewJob=&amp;jobId=5328195\" style=\"margin: 0px; padding: 0px; border-width: 0px 0px 0.1em; border-bottom-style: solid; font-style: inherit; font-family: inherit; vertical-align: baseline; font-variant: inherit; line-height: inherit; color: rgb(0, 117, 154); text-decoration: none; outline: 0px;\">Product Sales Intern</a></li>\r\n					<li style=\"margin: 0px 0px 0px 25px; padding: 0px; border: 0px; font-style: inherit; font-family: inherit; vertical-align: baseline; font-variant: inherit; line-height: inherit; list-style-type: disc;\">\r\n						<a href=\"http://www.linkedin.com/jobs?viewJob=&amp;jobId=5188613&amp;goback=.bza_*1_*1_0_*1_*1_%2Fviator&amp;trk=NUS_CMPY_FOL-jobt\" style=\"margin: 0px; padding: 0px; border-width: 0px 0px 0.1em; border-bottom-style: solid; font-style: inherit; font-family: inherit; vertical-align: baseline; font-variant: inherit; line-height: inherit; color: rgb(0, 117, 154); text-decoration: none; outline: 0px;\">Junior Product Sales Manager, EMEA</a></li>\r\n				</ul>\r\n			</div>\r\n		</div>\r\n	</div>\r\n</div>\r\n<div class=\"mbm\" id=\"mm_26871\" layoutcode=\"CP1a\" mmid=\"26871\" position=\"6\" style=\"margin-top: 0px; margin-right: 0px; margin-left: 0px; padding: 0px; border: 0px; font-size: 13px; font-family: arial, helvetica, clean, sans-serif; vertical-align: baseline; line-height: 19px; color: rgb(51, 51, 51); margin-bottom: 10px !important;\">\r\n	<h2 class=\"strong h3 mbn\" style=\"margin-top: 10px; margin-right: 10px; margin-left: 10px; padding: 0px; border: 0px; font-weight: normal; font-size: 18px; font-family: inherit; vertical-align: baseline; font-variant: inherit; line-height: 1.1; margin-bottom: 0px !important;\">\r\n		Sydney</h2>\r\n	<div class=\"media man\" style=\"padding: 0px; border: 0px; font-style: inherit; font-family: inherit; vertical-align: baseline; font-variant: inherit; line-height: inherit; overflow: hidden; zoom: 1; margin: 0px !important;\">\r\n		<div class=\"img mvm mlm\" style=\"margin-right: 0px; padding: 0px; border: 0px; font-style: inherit; font-family: inherit; vertical-align: baseline; font-variant: inherit; line-height: inherit; float: left; margin-top: 10px !important; margin-bottom: 10px !important; margin-left: 10px !important;\">\r\n			<img alt=\"\" height=\"90\" src=\"http://cache.graphicslib.viator.com/graphicslib/mm/DSC_4055_26871_1.JPG\" style=\"margin: 0px; padding: 0px; border: 0px; font-style: inherit; font-family: inherit; vertical-align: baseline; font-variant: inherit; line-height: inherit; display: block;\" width=\"127\" /></div>\r\n		<div class=\"bd\" style=\"margin: 0px; padding: 0px; border: 0px; font-style: inherit; font-family: inherit; vertical-align: baseline; font-variant: inherit; line-height: inherit; overflow: hidden; zoom: 1;\">\r\n			<div class=\"cms-content mhm mts\" style=\"margin-bottom: 0px; padding: 0px; border: 0px; font-style: inherit; font-family: inherit; vertical-align: baseline; font-variant: inherit; line-height: inherit; margin-top: 5px !important; margin-right: 10px !important; margin-left: 10px !important;\">\r\n				<p style=\"margin: 0px 0px 10px; padding: 0px; border: 0px; font-style: inherit; font-family: inherit; vertical-align: baseline; font-variant: inherit; line-height: inherit;\">\r\n					The inner suburb of Surrey Hills houses our Sydney office, as well as a plethora of restaurants, cafes, pubs and Sydney’s latest phenomenon—pop-up bars. Its historical streets and alleyways are lined with heritage buildings and converted warehouses that are home to design firms, marketing agencies and new media companies.</p>\r\n				<ul style=\"margin: 0px 0px 10px; padding-right: 0px; padding-left: 0px; border: 0px; font-style: inherit; font-family: inherit; vertical-align: baseline; font-variant: inherit; line-height: inherit; list-style: none;\">\r\n					<li style=\"margin: 0px 0px 0px 25px; padding: 0px; border: 0px; font-style: inherit; font-family: inherit; vertical-align: baseline; font-variant: inherit; line-height: inherit; list-style-type: disc;\">\r\n						<a href=\"http://www.linkedin.com/jobs?viewJob=&amp;jobId=5374381&amp;trk=job_nov\" style=\"margin: 0px; padding: 0px; border-width: 0px 0px 0.1em; border-bottom-style: solid; font-style: inherit; font-family: inherit; vertical-align: baseline; font-variant: inherit; line-height: inherit; color: rgb(0, 117, 154); text-decoration: none; outline: 0px;\">User Experience (UI/UX) Designer – Mobile, Tablet &amp; Web</a></li>\r\n					<li style=\"margin: 0px 0px 0px 25px; padding: 0px; border: 0px; font-style: inherit; font-family: inherit; vertical-align: baseline; font-variant: inherit; line-height: inherit; list-style-type: disc;\">\r\n						<a href=\"http://www.linkedin.com/jobs?viewJob=&amp;jobId=5261897&amp;goback=.bza_*1_*1_0_*1_*1_%2Fviator&amp;trk=NUS_CMPY_FOL-jobt\" style=\"margin: 0px; padding: 0px; border-width: 0px 0px 0.1em; border-bottom-style: solid; font-style: inherit; font-family: inherit; vertical-align: baseline; font-variant: inherit; line-height: inherit; color: rgb(0, 117, 154); text-decoration: none; outline: 0px;\">Product Sales Coordinator</a></li>\r\n				</ul>\r\n			</div>\r\n		</div>\r\n	</div>\r\n</div>\r\n<div class=\"mbm\" id=\"mm_26872\" layoutcode=\"CP1a\" mmid=\"26872\" position=\"7\" style=\"margin-top: 0px; margin-right: 0px; margin-left: 0px; padding: 0px; border: 0px; font-size: 13px; font-family: arial, helvetica, clean, sans-serif; vertical-align: baseline; line-height: 19px; color: rgb(51, 51, 51); margin-bottom: 10px !important;\">\r\n	<h2 class=\"strong h3 mbn\" style=\"margin-top: 10px; margin-right: 10px; margin-left: 10px; padding: 0px; border: 0px; font-weight: normal; font-size: 18px; font-family: inherit; vertical-align: baseline; font-variant: inherit; line-height: 1.1; margin-bottom: 0px !important;\">\r\n		Las Vegas</h2>\r\n	<div class=\"media man\" style=\"padding: 0px; border: 0px; font-style: inherit; font-family: inherit; vertical-align: baseline; font-variant: inherit; line-height: inherit; overflow: hidden; zoom: 1; margin: 0px !important;\">\r\n		<div class=\"img mvm mlm\" style=\"margin-right: 0px; padding: 0px; border: 0px; font-style: inherit; font-family: inherit; vertical-align: baseline; font-variant: inherit; line-height: inherit; float: left; margin-top: 10px !important; margin-bottom: 10px !important; margin-left: 10px !important;\">\r\n			<img alt=\"\" height=\"90\" src=\"http://cache.graphicslib.viator.com/graphicslib/mm/Las%20Vegas_26872_1.jpg\" style=\"margin: 0px; padding: 0px; border: 0px; font-style: inherit; font-family: inherit; vertical-align: baseline; font-variant: inherit; line-height: inherit; display: block;\" width=\"127\" /></div>\r\n		<div class=\"bd\" style=\"margin: 0px; padding: 0px; border: 0px; font-style: inherit; font-family: inherit; vertical-align: baseline; font-variant: inherit; line-height: inherit; overflow: hidden; zoom: 1;\">\r\n			<div class=\"cms-content mhm mts\" style=\"margin-bottom: 0px; padding: 0px; border: 0px; font-style: inherit; font-family: inherit; vertical-align: baseline; font-variant: inherit; line-height: inherit; margin-top: 5px !important; margin-right: 10px !important; margin-left: 10px !important;\">\r\n				<p style=\"margin: 0px 0px 10px; padding: 0px; border: 0px; font-style: inherit; font-family: inherit; vertical-align: baseline; font-variant: inherit; line-height: inherit;\">\r\n					Our Las Vegas office sits 15 minutes north of the Strip and is a quick drive from Sin City’s famous sites like the Bellagio, the Stratosphere and the Fremont Street Experience, as well as the city’s new hub of cultural and artistic performance, the Smith Center.</p>\r\n				<ul style=\"margin: 0px 0px 10px; padding-right: 0px; padding-left: 0px; border: 0px; font-style: inherit; font-family: inherit; vertical-align: baseline; font-variant: inherit; line-height: inherit; list-style: none;\">\r\n					<li style=\"margin: 0px 0px 0px 25px; padding: 0px; border: 0px; font-style: inherit; font-family: inherit; vertical-align: baseline; font-variant: inherit; line-height: inherit; list-style-type: disc;\">\r\n						<a href=\"http://www.linkedin.com/jobs?viewJob=&amp;jobId=5299345&amp;trk=job_nov\" style=\"margin: 0px; padding: 0px; border-width: 0px 0px 0.1em; border-bottom-style: solid; font-style: inherit; font-family: inherit; vertical-align: baseline; font-variant: inherit; line-height: inherit; color: rgb(0, 117, 154); text-decoration: none; outline: 0px;\">Customer Service and Sales Specialist</a></li>\r\n				</ul>\r\n			</div>\r\n		</div>\r\n	</div>\r\n</div>\r\n<p>\r\n	&nbsp;</p>','','',9,1366756380,0,1,'live','wysiwyg-advanced',''),(6,'Singapore','singapore',1,'','Many people marvel at the beauty of Singapore and her progressiveness. Most impressive to note is that she was formerly just a humble fishing village, inhabited by an indigenous settlement.','<div>\r\n	Fast forward to today. Singapore is a bustling cosmopolitan city populated with high-rise buildings and landscape gardens. Brimming with a harmonious blend of culture, cuisine, arts and architecture, Singapore is a dynamic city that’s rich in contrast and colour. In fact, you can even say that Singapore embodies the finest of both East and West.</div>\r\n<div>\r\n	&nbsp;</div>\r\n<div>\r\n	Located in Southeast Asia, Singapore has a land area of about 710 square kilometres, making her one of the smallest countries in the world and the smallest in the region – hence the moniker “The Little Red Dot”. Although small in size, Singapore commands an enormous presence in the world today with its free trade economy and highly efficient workforce. Also, her strategic location in the region has enabled her to become a central sea port along major shipping routes.</div>\r\n<div>\r\n	&nbsp;</div>\r\n<div>\r\n	Other than having a sound business infrastructure and favourable economic climate, another factor for Singapore’s rapid growth is due to a stable and competent ruling government. Singapore is a parliamentary republic with a political system that’s centred on democracy. The current ruling party in government is The People’s Action Party (PAP), which has dominated the political process since self-government in 1959.</div>\r\n<div>\r\n	&nbsp;</div>\r\n<div>\r\n	At present, Singapore’s population stands at about five million people, with English as the main language of instruction, and a mother tongue for each major ethnicity. One of the distinctly Singaporean things you’ll notice on our island is a ubiquitous collage of cultures. Coming together as a society and living in harmony, there are four major races – namely the Chinese (majority), Malay, Indian and Eurasian. Each community offers a different perspective of life in Singapore in terms of culture, religion, food and language.</div>\r\n<div>\r\n	&nbsp;</div>\r\n<div>\r\n	Being a multi-racial society, Singapore is as diverse as it is cohesive. With so much to see and do, this is perhaps best experienced through your encounters with the locals. And if you’re feeling nostalgic and looking to discover old world charm, you can explore and experience the island’s key historical landmarks or memorials. You can also embark on a heritage trail and enjoy the sights and sounds at various cultural precincts, notably Chinatown, Little India and Kampong Glam.</div>\r\n<div>\r\n	&nbsp;</div>\r\n<div>\r\n	If you prefer the bright city lights and being amidst the hustle and bustle, then you’ll be delighted to know that there are numerous shopping malls, museums, and dining and entertainment hotspots to choose from. Get into the thick of the shopping action at the iconic Orchard Road stretch, or party the night away at the Clarke Quay or Boat Quay areas, both of which offer a myriad selection of nightlife activities.&nbsp;</div>\r\n<div>\r\n	&nbsp;</div>\r\n<div>\r\n	The other thing that will strike you most about Singapore is its multifarious offering of food – day or night, there will always be something to whet your appetite. With a range of dining options from Peranakan to Chinese, Indian to Malay, fusion and more, you’ll be spoilt for choice.</div>\r\n<div>\r\n	&nbsp;</div>\r\n<div>\r\n	Beyond the history, culture, people, shopping and food, there are many more facets to Singapore’s thriving cityscape for you to discover. And these can only be experienced as you immerse yourself in the exploration of this once fishing village turned cosmopolitan city.</div>','','',9,1366756920,0,1,'live','wysiwyg-advanced',''),(7,'Malaysia','malaysia',1,'','Stories of Malaysia, proudly told by Malaysians. Explore a different side of Malaysia that\'s not in travel brochures - sometimes nostalgic, occasionally funny, always personal.','<div>\r\n	To know Malaysia is to love Malaysia - a bubbling, bustling melting-pot of races and religions where Malays, Indians, Chinese and many other ethnic groups live together in peace and harmony. Our multiculturalism has made Malaysia a gastronomical paradise and home to hundreds of colourful festivals. It\'s no wonder that we love celebrating and socialising. As a people, Malaysians are very relaxed, warm and friendly.&nbsp;</div>\r\n<div>\r\n	&nbsp;</div>\r\n<div>\r\n	Geographically, Malaysia is almost as diverse as its culture. 11 states and 2 federal territories (Kuala Lumpur and Putrajaya) form Peninsular Malaysia which is separated by the South China Sea from East Malaysia which includes the 2 states (Sabah and Sarawak on the island of Borneo) and a third federal territory, the island of Labuan.&nbsp;</div>\r\n<div>\r\n	&nbsp;</div>\r\n<div>\r\n	One of Malaysia\'s key attractions is its extreme contrasts which further add to this theme of ‘diversity’. Towering skyscrapers look down upon wooden houses built on stilts while five-star hotels sit just metres away from ancient reefs.&nbsp;</div>\r\n<div>\r\n	&nbsp;</div>\r\n<div>\r\n	Rugged mountains reach dramatically for the sky while their rainforest-clad slopes sweep down to floodplains teeming with forest life. Cool highland hideaways roll down to warm, sandy beaches and rich, humid mangroves.&nbsp;</div>\r\n<div>\r\n	&nbsp;</div>\r\n<div>\r\n	For the perfect holiday full of surprises, the time is now, the place is Malaysia.&nbsp;</div>','','',9,1366757100,1366757324,1,'live','wysiwyg-advanced',''),(8,'Vietnam','vietnam',1,'','Vietnam\'s narrow borders bulge against the ceaseless bustle of Ho Chi Minh City and Hanoi, two modern metropolises tempered by colonial architecture and tree-lined boulevards.','<div>\r\n	Tranquility rests by the crumbling temples, wood-paneled pagodas and verdant valleys of rural Vietnam; divers at Nha Trang plunge the glistening green of the South China Sea to explore a rainbow of coral and neon-clad fish. And everywhere there\'s the food: whether slurping spicy noodles from Saigon street stalls or savoring French croissants in a Hue patisserie Vietnamese cuisine is full-flavored, fascinating and affordable.</div>\r\n<div>\r\n	&nbsp;</div>\r\n<div>\r\n	<strong>Cities</strong></div>\r\n<div>\r\n	A compelling clash of commercial clout and colonial grandeur, Ho Chi Minh City (formerly known as Saigon) flanks soaring skyscrapers with tree-lined boulevards and a lingering aura of French finesse. Find refuge from the endless flow of mopeds that surge and splutter their way through capital Hanoi in the humble temples and quaint craft shops of its Old Quarter. Now a UNESCO World Heritage Site, ancient Hoi An\'s crumbing facades are illuminated by the soft glow of lantern light.</div>\r\n<div>\r\n	&nbsp;</div>\r\n<div>\r\n	<strong>Countryside</strong></div>\r\n<div>\r\n	Soggy swathes of rice paddies dominate the verdant Mekong Delta, but the mighty Mekong River also ripples past blossoming fruit orchards and towering sugarcane fields before tumbling into the South China Sea. The arid plains of central Mui Ne reveal cascades of sand dunes that gleam white, pink and gold in the sun. In northern Vietnam, the mountainous region of Sapa is a dizzying weave of lush trails and remote villages occupied by traditional hill tribes.</div>\r\n<div>\r\n	&nbsp;</div>\r\n<div>\r\n	The sweeping curl of Nha Trang\'s crescent-shaped beach overlooks a shimmering emerald stretch of the South China Sea. Divers and snorkelers drift over the soft coral that spreads from outlying islands, casually guarded by luminescent shoals of butterfly and angelfish. East of Hanoi, Halong Bay is an ethereal landscape of towering limestone karsts that rise forebodingly from its silvery waters.</div>\r\n<div>\r\n	&nbsp;</div>\r\n<div>\r\n	<strong>Eating and Drinking</strong></div>\r\n<div>\r\n	Hearty bowls of steaming pho -- a fragrant soup served with chicken or beef, a fistful of noodles and crunchy bean sprouts -- are served everywhere. Regional variations might add a kick of ginger, zest of lime or shaving of cinnamon. Colonial influence means crusty baguettes and sugar-scented pastries are an unexpected Ho Chi Minh City specialty. Perch on a plastic stool at one of Hanoi\'s roadside stalls and sip bia hoi, freshly brewed, frothy Vietnamese beer</div>\r\n<div>\r\n	&nbsp;</div>','','',9,1366757400,0,1,'draft','wysiwyg-advanced','17269f345cb8d30799c2c4d43938d6a7'),(9,'abc','abc',0,'','a','a','','',9,1368397200,0,1,'draft','wysiwyg-advanced','c29ecd575ac2cc43f30399c7acddb00b');

/*Table structure for table `default_blog_categories` */

DROP TABLE IF EXISTS `default_blog_categories`;

CREATE TABLE `default_blog_categories` (
  `id` int(11) NOT NULL AUTO_INCREMENT,
  `slug` varchar(100) COLLATE utf8_unicode_ci NOT NULL,
  `title` varchar(100) COLLATE utf8_unicode_ci NOT NULL,
  PRIMARY KEY (`id`),
  UNIQUE KEY `unique_slug` (`slug`),
  UNIQUE KEY `unique_title` (`title`),
  KEY `slug` (`slug`)
) ENGINE=InnoDB AUTO_INCREMENT=7 DEFAULT CHARSET=utf8 COLLATE=utf8_unicode_ci;

/*Data for the table `default_blog_categories` */

insert  into `default_blog_categories`(`id`,`slug`,`title`) values (1,'escape-to-southeast-asia','Escape to Southeast Asia'),(2,'about-ongoasia','About Ongoasia'),(3,'why-book-with-ongoasia','Why book with Ongoasia'),(4,'ongoasia-team','Ongoasia Team'),(5,'ongoasia-medical-center','Ongoasia Medical Center'),(6,'work-with-ongoasia','Work with Ongoasia');

/*Table structure for table `default_ci_sessions` */

DROP TABLE IF EXISTS `default_ci_sessions`;

CREATE TABLE `default_ci_sessions` (
  `session_id` varchar(40) COLLATE utf8_unicode_ci NOT NULL DEFAULT '0',
  `ip_address` varchar(16) COLLATE utf8_unicode_ci NOT NULL DEFAULT '0',
  `user_agent` varchar(120) COLLATE utf8_unicode_ci NOT NULL,
  `last_activity` int(10) unsigned NOT NULL DEFAULT '0',
  `user_data` text COLLATE utf8_unicode_ci,
  PRIMARY KEY (`session_id`),
  KEY `last_activity_idx` (`last_activity`)
) ENGINE=MyISAM DEFAULT CHARSET=utf8 COLLATE=utf8_unicode_ci;

/*Data for the table `default_ci_sessions` */

insert  into `default_ci_sessions`(`session_id`,`ip_address`,`user_agent`,`last_activity`,`user_data`) values ('af292b9b5e9e8af08b6aa26e6e8949cf','127.0.0.1','Mozilla/5.0 (Windows NT 6.1; WOW64; rv:19.0) Gecko/20100101 Firefox/19.0',1365686183,''),('4b0b2084731c0ab52e21e9c64e00ce29','127.0.0.1','Mozilla/5.0 (Windows NT 6.1; WOW64) AppleWebKit/537.31 (KHTML, like Gecko) Chrome/26.0.1410.43 Safari/537.31',1365684812,''),('f9b1b9029e11863923591c92d511940e','127.0.0.1','Mozilla/5.0 (Windows NT 6.1; WOW64; rv:20.0) Gecko/20100101 Firefox/20.0',1366205197,'a:6:{s:8:\"username\";s:10:\"admin.user\";s:5:\"email\";s:18:\"admin@ongoasia.com\";s:2:\"id\";s:1:\"9\";s:7:\"user_id\";s:1:\"9\";s:8:\"group_id\";s:1:\"1\";s:5:\"group\";s:5:\"admin\";}'),('5a3dba227193d471d97f473fa559615b','127.0.0.1','Mozilla/5.0 (Windows NT 6.1; WOW64) AppleWebKit/537.31 (KHTML, like Gecko) Chrome/26.0.1410.64 Safari/537.31',1365734359,'a:7:{s:9:\"user_data\";s:0:\"\";s:8:\"username\";s:10:\"admin.user\";s:5:\"email\";s:18:\"admin@ongoasia.com\";s:2:\"id\";s:1:\"9\";s:7:\"user_id\";s:1:\"9\";s:8:\"group_id\";s:1:\"1\";s:5:\"group\";s:5:\"admin\";}'),('a3780274cb93ef0db188a3265713f07a','127.0.0.1','Mozilla/5.0 (Windows NT 6.1; WOW64) AppleWebKit/537.31 (KHTML, like Gecko) Chrome/26.0.1410.64 Safari/537.31',1366202214,''),('af44970c395d0abcc44244b69d12ed5d','127.0.0.1','Mozilla/5.0 (Windows NT 6.1; WOW64) AppleWebKit/537.31 (KHTML, like Gecko) Chrome/26.0.1410.64 Safari/537.31',1366203193,''),('72adbfa1197c27edd4fbe4998465ec8c','127.0.0.1','Mozilla/5.0 (Windows NT 6.1; WOW64) AppleWebKit/537.31 (KHTML, like Gecko) Chrome/26.0.1410.64 Safari/537.31',1366365246,'a:7:{s:9:\"user_data\";s:0:\"\";s:8:\"username\";s:10:\"admin.user\";s:5:\"email\";s:18:\"admin@ongoasia.com\";s:2:\"id\";s:1:\"9\";s:7:\"user_id\";s:1:\"9\";s:8:\"group_id\";s:1:\"1\";s:5:\"group\";s:5:\"admin\";}'),('1e9a7a612273ca8acf52a4862df3578e','127.0.0.1','Mozilla/5.0 (Windows NT 6.1; WOW64; rv:20.0) Gecko/20100101 Firefox/20.0',1366507507,''),('3a85e950b6f9e4dfeb84d8def3c98227','127.0.0.1','Mozilla/5.0 (Windows NT 6.1; WOW64) AppleWebKit/537.31 (KHTML, like Gecko) Chrome/26.0.1410.64 Safari/537.31',1366508810,''),('5f6b44ad9d1946000c6aa82a7725ae13','127.0.0.1','Mozilla/5.0 (Windows NT 6.1; WOW64) AppleWebKit/537.31 (KHTML, like Gecko) Chrome/26.0.1410.64 Safari/537.31',1366757296,'a:6:{s:8:\"username\";s:10:\"admin.user\";s:5:\"email\";s:18:\"admin@ongoasia.com\";s:2:\"id\";s:1:\"9\";s:7:\"user_id\";s:1:\"9\";s:8:\"group_id\";s:1:\"1\";s:5:\"group\";s:5:\"admin\";}'),('5e641e96e4e93b8adc1cebbc93e52249','127.0.0.1','Mozilla/5.0 (Windows NT 6.1; rv:20.0) Gecko/20100101 Firefox/20.0',1367584875,'a:7:{s:9:\"user_data\";s:0:\"\";s:8:\"username\";s:10:\"admin.user\";s:5:\"email\";s:18:\"admin@ongoasia.com\";s:2:\"id\";s:1:\"9\";s:7:\"user_id\";s:1:\"9\";s:8:\"group_id\";s:1:\"1\";s:5:\"group\";s:5:\"admin\";}'),('bf9ea3e4c03a5326bf0427973d36998e','127.0.0.1','Mozilla/5.0 (Windows NT 6.1; rv:20.0) Gecko/20100101 Firefox/20.0',1367849904,'a:7:{s:9:\"user_data\";s:0:\"\";s:8:\"username\";s:10:\"admin.user\";s:5:\"email\";s:18:\"admin@ongoasia.com\";s:2:\"id\";s:1:\"9\";s:7:\"user_id\";s:1:\"9\";s:8:\"group_id\";s:1:\"1\";s:5:\"group\";s:5:\"admin\";}'),('828a80d4b0b0eeefb1fa08190e62d414','127.0.0.1','Mozilla/5.0 (Windows NT 6.1; rv:20.0) Gecko/20100101 Firefox/20.0',1367935627,'a:7:{s:9:\"user_data\";s:0:\"\";s:8:\"username\";s:10:\"admin.user\";s:5:\"email\";s:18:\"admin@ongoasia.com\";s:2:\"id\";s:1:\"9\";s:7:\"user_id\";s:1:\"9\";s:8:\"group_id\";s:1:\"1\";s:5:\"group\";s:5:\"admin\";}'),('7c478a7adcf0aa0650d7dce48a3d7f37','127.0.0.1','Mozilla/5.0 (Windows NT 6.1; rv:20.0) Gecko/20100101 Firefox/20.0',1368022171,'a:7:{s:9:\"user_data\";s:0:\"\";s:8:\"username\";s:10:\"admin.user\";s:5:\"email\";s:18:\"admin@ongoasia.com\";s:2:\"id\";s:1:\"9\";s:7:\"user_id\";s:1:\"9\";s:8:\"group_id\";s:1:\"1\";s:5:\"group\";s:5:\"admin\";}'),('839133dece37bdd7cda02b4e3ebf0a61','127.0.0.1','Mozilla/5.0 (Windows NT 6.1; rv:20.0) Gecko/20100101 Firefox/20.0',1368109363,'a:7:{s:9:\"user_data\";s:0:\"\";s:8:\"username\";s:10:\"admin.user\";s:5:\"email\";s:18:\"admin@ongoasia.com\";s:2:\"id\";s:1:\"9\";s:7:\"user_id\";s:1:\"9\";s:8:\"group_id\";s:1:\"1\";s:5:\"group\";s:5:\"admin\";}'),('789065f4586c3ef92a0931d85f95712d','127.0.0.1','Mozilla/5.0 (Windows NT 6.1; rv:20.0) Gecko/20100101 Firefox/20.0',1368173891,'a:6:{s:9:\"user_data\";s:0:\"\";s:5:\"email\";s:18:\"admin@ongoasia.com\";s:2:\"id\";s:1:\"9\";s:7:\"user_id\";s:1:\"9\";s:8:\"group_id\";s:1:\"1\";s:5:\"group\";s:5:\"admin\";}'),('ad1dd27828f42c55ac26a4be805f9a41','127.0.0.1','Mozilla/5.0 (Windows NT 6.1; rv:20.0) Gecko/20100101 Firefox/20.0',1368422938,'a:7:{s:9:\"user_data\";s:0:\"\";s:8:\"username\";s:10:\"admin.user\";s:5:\"email\";s:18:\"admin@ongoasia.com\";s:2:\"id\";s:1:\"9\";s:7:\"user_id\";s:1:\"9\";s:8:\"group_id\";s:1:\"1\";s:5:\"group\";s:5:\"admin\";}'),('1c3605bd1a05d39dff026505575ee51e','127.0.0.1','Mozilla/5.0 (Windows NT 6.1; rv:20.0) Gecko/20100101 Firefox/20.0',1368454465,'a:7:{s:9:\"user_data\";s:0:\"\";s:8:\"username\";s:10:\"admin.user\";s:5:\"email\";s:18:\"admin@ongoasia.com\";s:2:\"id\";s:1:\"9\";s:7:\"user_id\";s:1:\"9\";s:8:\"group_id\";s:1:\"1\";s:5:\"group\";s:5:\"admin\";}'),('650b2750e82c4176b32669ca6a5f5bbd','127.0.0.1','Mozilla/5.0 (Windows NT 6.1; rv:20.0) Gecko/20100101 Firefox/20.0',1368601620,'a:7:{s:9:\"user_data\";s:0:\"\";s:8:\"username\";s:10:\"admin.user\";s:5:\"email\";s:18:\"admin@ongoasia.com\";s:2:\"id\";s:1:\"9\";s:7:\"user_id\";s:1:\"9\";s:8:\"group_id\";s:1:\"1\";s:5:\"group\";s:5:\"admin\";}');

/*Table structure for table `default_comments` */

DROP TABLE IF EXISTS `default_comments`;

CREATE TABLE `default_comments` (
  `id` int(11) NOT NULL AUTO_INCREMENT,
  `is_active` int(1) NOT NULL DEFAULT '0',
  `user_id` int(11) NOT NULL DEFAULT '0',
  `name` varchar(40) COLLATE utf8_unicode_ci NOT NULL DEFAULT '',
  `email` varchar(40) COLLATE utf8_unicode_ci NOT NULL DEFAULT '',
  `website` varchar(255) COLLATE utf8_unicode_ci NOT NULL,
  `comment` text COLLATE utf8_unicode_ci NOT NULL,
  `parsed` text COLLATE utf8_unicode_ci NOT NULL,
  `module` varchar(40) COLLATE utf8_unicode_ci NOT NULL,
  `module_id` varchar(255) COLLATE utf8_unicode_ci NOT NULL DEFAULT '0',
  `created_on` varchar(11) COLLATE utf8_unicode_ci NOT NULL DEFAULT '0',
  `ip_address` varchar(15) COLLATE utf8_unicode_ci NOT NULL DEFAULT '',
  PRIMARY KEY (`id`)
) ENGINE=InnoDB DEFAULT CHARSET=utf8 COLLATE=utf8_unicode_ci;

/*Data for the table `default_comments` */

/*Table structure for table `default_contact_log` */

DROP TABLE IF EXISTS `default_contact_log`;

CREATE TABLE `default_contact_log` (
  `id` int(11) NOT NULL AUTO_INCREMENT,
  `email` varchar(255) COLLATE utf8_unicode_ci NOT NULL DEFAULT '',
  `subject` varchar(255) COLLATE utf8_unicode_ci NOT NULL DEFAULT '',
  `message` text COLLATE utf8_unicode_ci NOT NULL,
  `sender_agent` varchar(64) COLLATE utf8_unicode_ci NOT NULL DEFAULT '',
  `sender_ip` varchar(32) COLLATE utf8_unicode_ci NOT NULL DEFAULT '',
  `sender_os` varchar(32) COLLATE utf8_unicode_ci NOT NULL DEFAULT '',
  `sent_at` int(11) NOT NULL DEFAULT '0',
  `attachments` text COLLATE utf8_unicode_ci NOT NULL,
  PRIMARY KEY (`id`)
) ENGINE=InnoDB DEFAULT CHARSET=utf8 COLLATE=utf8_unicode_ci;

/*Data for the table `default_contact_log` */

/*Table structure for table `default_data_field_assignments` */

DROP TABLE IF EXISTS `default_data_field_assignments`;

CREATE TABLE `default_data_field_assignments` (
  `id` int(11) unsigned NOT NULL AUTO_INCREMENT,
  `sort_order` int(11) NOT NULL,
  `stream_id` int(11) NOT NULL,
  `field_id` int(11) NOT NULL,
  `is_required` enum('yes','no') COLLATE utf8_unicode_ci NOT NULL DEFAULT 'no',
  `is_unique` enum('yes','no') COLLATE utf8_unicode_ci NOT NULL DEFAULT 'no',
  `instructions` text COLLATE utf8_unicode_ci,
  `field_name` varchar(255) COLLATE utf8_unicode_ci DEFAULT NULL,
  PRIMARY KEY (`id`)
) ENGINE=InnoDB AUTO_INCREMENT=15 DEFAULT CHARSET=utf8 COLLATE=utf8_unicode_ci;

/*Data for the table `default_data_field_assignments` */

insert  into `default_data_field_assignments`(`id`,`sort_order`,`stream_id`,`field_id`,`is_required`,`is_unique`,`instructions`,`field_name`) values (1,1,1,1,'yes','no',NULL,NULL),(2,2,1,2,'yes','no',NULL,NULL),(3,3,1,3,'no','no',NULL,NULL),(4,4,1,4,'no','no',NULL,NULL),(5,5,1,5,'no','no',NULL,NULL),(6,6,1,6,'no','no',NULL,NULL),(7,7,1,7,'no','no',NULL,NULL),(8,8,1,8,'no','no',NULL,NULL),(9,9,1,9,'no','no',NULL,NULL),(10,10,1,10,'no','no',NULL,NULL),(11,11,1,11,'no','no',NULL,NULL),(12,12,1,12,'no','no',NULL,NULL),(13,13,1,13,'no','no',NULL,NULL),(14,14,1,14,'no','no',NULL,NULL);

/*Table structure for table `default_data_fields` */

DROP TABLE IF EXISTS `default_data_fields`;

CREATE TABLE `default_data_fields` (
  `id` int(11) unsigned NOT NULL AUTO_INCREMENT,
  `field_name` varchar(60) COLLATE utf8_unicode_ci NOT NULL,
  `field_slug` varchar(60) COLLATE utf8_unicode_ci NOT NULL,
  `field_namespace` varchar(60) COLLATE utf8_unicode_ci DEFAULT NULL,
  `field_type` varchar(50) COLLATE utf8_unicode_ci NOT NULL,
  `field_data` blob,
  `view_options` blob,
  `is_locked` enum('yes','no') COLLATE utf8_unicode_ci NOT NULL DEFAULT 'no',
  PRIMARY KEY (`id`)
) ENGINE=InnoDB AUTO_INCREMENT=15 DEFAULT CHARSET=utf8 COLLATE=utf8_unicode_ci;

/*Data for the table `default_data_fields` */

insert  into `default_data_fields`(`id`,`field_name`,`field_slug`,`field_namespace`,`field_type`,`field_data`,`view_options`,`is_locked`) values (1,'lang:user_first_name','first_name','users','text','a:1:{s:10:\"max_length\";i:50;}',NULL,'no'),(2,'lang:user_last_name','last_name','users','text','a:1:{s:10:\"max_length\";i:50;}',NULL,'no'),(3,'lang:profile_company','company','users','text','a:1:{s:10:\"max_length\";i:100;}',NULL,'no'),(4,'lang:profile_bio','bio','users','textarea','a:0:{}',NULL,'no'),(5,'lang:user_lang','lang','users','pyro_lang','a:1:{s:12:\"filter_theme\";s:3:\"yes\";}',NULL,'no'),(6,'lang:profile_dob','dob','users','datetime','a:4:{s:8:\"use_time\";s:2:\"no\";s:10:\"start_date\";s:5:\"-100Y\";s:7:\"storage\";s:4:\"unix\";s:10:\"input_type\";s:8:\"dropdown\";}',NULL,'no'),(7,'lang:profile_gender','gender','users','choice','a:2:{s:11:\"choice_data\";s:34:\" : Not Telling\nm : Male\nf : Female\";s:11:\"choice_type\";s:8:\"dropdown\";}',NULL,'no'),(8,'lang:profile_phone','phone','users','text','a:1:{s:10:\"max_length\";i:20;}',NULL,'no'),(9,'lang:profile_mobile','mobile','users','text','a:1:{s:10:\"max_length\";i:20;}',NULL,'no'),(10,'lang:profile_address_line1','address_line1','users','text','a:0:{}',NULL,'no'),(11,'lang:profile_address_line2','address_line2','users','text','a:0:{}',NULL,'no'),(12,'lang:profile_address_line3','address_line3','users','text','a:0:{}',NULL,'no'),(13,'lang:profile_address_postcode','postcode','users','text','a:1:{s:10:\"max_length\";i:20;}',NULL,'no'),(14,'lang:profile_website','website','users','url',NULL,NULL,'no');

/*Table structure for table `default_data_streams` */

DROP TABLE IF EXISTS `default_data_streams`;

CREATE TABLE `default_data_streams` (
  `id` int(11) unsigned NOT NULL AUTO_INCREMENT,
  `stream_name` varchar(60) COLLATE utf8_unicode_ci NOT NULL,
  `stream_slug` varchar(60) COLLATE utf8_unicode_ci NOT NULL,
  `stream_namespace` varchar(60) COLLATE utf8_unicode_ci DEFAULT NULL,
  `stream_prefix` varchar(60) COLLATE utf8_unicode_ci DEFAULT NULL,
  `about` varchar(255) COLLATE utf8_unicode_ci DEFAULT NULL,
  `view_options` blob NOT NULL,
  `title_column` varchar(255) COLLATE utf8_unicode_ci DEFAULT NULL,
  `sorting` enum('title','custom') COLLATE utf8_unicode_ci NOT NULL DEFAULT 'title',
  PRIMARY KEY (`id`)
) ENGINE=InnoDB AUTO_INCREMENT=2 DEFAULT CHARSET=utf8 COLLATE=utf8_unicode_ci;

/*Data for the table `default_data_streams` */

insert  into `default_data_streams`(`id`,`stream_name`,`stream_slug`,`stream_namespace`,`stream_prefix`,`about`,`view_options`,`title_column`,`sorting`) values (1,'lang:user_profile_fields_label','profiles','users',NULL,'Profiles for users module','a:1:{i:0;s:12:\"display_name\";}','display_name','title');

/*Table structure for table `default_email_templates` */

DROP TABLE IF EXISTS `default_email_templates`;

CREATE TABLE `default_email_templates` (
  `id` int(11) NOT NULL AUTO_INCREMENT,
  `slug` varchar(100) COLLATE utf8_unicode_ci NOT NULL,
  `name` varchar(100) COLLATE utf8_unicode_ci NOT NULL,
  `description` varchar(255) COLLATE utf8_unicode_ci NOT NULL,
  `subject` varchar(255) COLLATE utf8_unicode_ci NOT NULL,
  `body` text COLLATE utf8_unicode_ci NOT NULL,
  `lang` varchar(2) COLLATE utf8_unicode_ci DEFAULT NULL,
  `is_default` int(1) NOT NULL DEFAULT '0',
  `module` varchar(50) COLLATE utf8_unicode_ci NOT NULL DEFAULT '',
  PRIMARY KEY (`id`),
  UNIQUE KEY `slug_lang` (`slug`,`lang`)
) ENGINE=InnoDB AUTO_INCREMENT=7 DEFAULT CHARSET=utf8 COLLATE=utf8_unicode_ci;

/*Data for the table `default_email_templates` */

insert  into `default_email_templates`(`id`,`slug`,`name`,`description`,`subject`,`body`,`lang`,`is_default`,`module`) values (1,'comments','Comment Notification','Email that is sent to admin when someone creates a comment','You have just received a comment from {{ name }}','<h3>You have received a comment from {{ name }}</h3>\n				<p>\n				<strong>IP Address: {{ sender_ip }}</strong><br/>\n				<strong>Operating System: {{ sender_os }}<br/>\n				<strong>User Agent: {{ sender_agent }}</strong>\n				</p>\n				<p>{{ comment }}</p>\n				<p>View Comment: {{ redirect_url }}</p>','en',1,'comments'),(2,'contact','Contact Notification','Template for the contact form','{{ settings:site_name }} :: {{ subject }}','This message was sent via the contact form on with the following details:\n				<hr />\n				IP Address: {{ sender_ip }}\n				OS {{ sender_os }}\n				Agent {{ sender_agent }}\n				<hr />\n				{{ message }}\n\n				{{ name }},\n\n				{{ email }}','en',1,'pages'),(3,'registered','New User Registered','Email sent to the site contact e-mail when a new user registers','{{ settings:site_name }} :: You have just received a registration from {{ name }}','<h3>You have received a registration from {{ name }}</h3>\n				<p><strong>IP Address: {{ sender_ip }}</strong><br/>\n				<strong>Operating System: {{ sender_os }}</strong><br/>\n				<strong>User Agent: {{ sender_agent }}</strong>\n				</p>','en',1,'users'),(4,'activation','Activation Email','The email which contains the activation code that is sent to a new user','{{ settings:site_name }} - Account Activation','<p>Hello {{ user:first_name }},</p>\n				<p>Thank you for registering at {{ settings:site_name }}. Before we can activate your account, please complete the registration process by clicking on the following link:</p>\n				<p><a href=\"{{ url:site }}users/activate/{{ user:id }}/{{ activation_code }}\">{{ url:site }}users/activate/{{ user:id }}/{{ activation_code }}</a></p>\n				<p>&nbsp;</p>\n				<p>In case your email program does not recognize the above link as, please direct your browser to the following URL and enter the activation code:</p>\n				<p><a href=\"{{ url:site }}users/activate\">{{ url:site }}users/activate</a></p>\n				<p><strong>Activation Code:</strong> {{ activation_code }}</p>','en',1,'users'),(5,'forgotten_password','Forgotten Password Email','The email that is sent containing a password reset code','{{ settings:site_name }} - Forgotten Password','<p>Hello {{ user:first_name }},</p>\n				<p>It seems you have requested a password reset. Please click this link to complete the reset: <a href=\"{{ url:site }}users/reset_pass/{{ user:forgotten_password_code }}\">{{ url:site }}users/reset_pass/{{ user:forgotten_password_code }}</a></p>\n				<p>If you did not request a password reset please disregard this message. No further action is necessary.</p>','en',1,'users'),(6,'new_password','New Password Email','After a password is reset this email is sent containing the new password','{{ settings:site_name }} - New Password','<p>Hello {{ user:first_name }},</p>\n				<p>Your new password is: {{ new_password }}</p>\n				<p>After logging in you may change your password by visiting <a href=\"{{ url:site }}edit-profile\">{{ url:site }}edit-profile</a></p>','en',1,'users');

/*Table structure for table `default_file_folders` */

DROP TABLE IF EXISTS `default_file_folders`;

CREATE TABLE `default_file_folders` (
  `id` int(11) NOT NULL AUTO_INCREMENT,
  `parent_id` int(11) DEFAULT '0',
  `slug` varchar(100) COLLATE utf8_unicode_ci NOT NULL,
  `name` varchar(100) COLLATE utf8_unicode_ci NOT NULL,
  `location` varchar(20) COLLATE utf8_unicode_ci NOT NULL DEFAULT 'local',
  `remote_container` varchar(100) COLLATE utf8_unicode_ci NOT NULL DEFAULT '',
  `date_added` int(11) NOT NULL,
  `sort` int(11) NOT NULL DEFAULT '0',
  PRIMARY KEY (`id`)
) ENGINE=InnoDB AUTO_INCREMENT=2 DEFAULT CHARSET=utf8 COLLATE=utf8_unicode_ci;

/*Data for the table `default_file_folders` */

insert  into `default_file_folders`(`id`,`parent_id`,`slug`,`name`,`location`,`remote_container`,`date_added`,`sort`) values (1,0,'tour-photo','tour_photo','local','',1368106530,1368106530);

/*Table structure for table `default_files` */

DROP TABLE IF EXISTS `default_files`;

CREATE TABLE `default_files` (
  `id` int(11) NOT NULL AUTO_INCREMENT,
  `folder_id` int(11) NOT NULL DEFAULT '0',
  `user_id` int(11) NOT NULL DEFAULT '1',
  `type` enum('a','v','d','i','o') COLLATE utf8_unicode_ci DEFAULT NULL,
  `name` varchar(100) COLLATE utf8_unicode_ci NOT NULL,
  `filename` varchar(255) COLLATE utf8_unicode_ci NOT NULL,
  `path` varchar(255) COLLATE utf8_unicode_ci NOT NULL DEFAULT '',
  `description` text COLLATE utf8_unicode_ci NOT NULL,
  `extension` varchar(5) COLLATE utf8_unicode_ci NOT NULL,
  `mimetype` varchar(100) COLLATE utf8_unicode_ci NOT NULL,
  `width` int(5) DEFAULT NULL,
  `height` int(5) DEFAULT NULL,
  `filesize` int(11) NOT NULL DEFAULT '0',
  `download_count` int(11) NOT NULL DEFAULT '0',
  `date_added` int(11) NOT NULL DEFAULT '0',
  `sort` int(11) NOT NULL DEFAULT '0',
  PRIMARY KEY (`id`)
) ENGINE=InnoDB AUTO_INCREMENT=18 DEFAULT CHARSET=utf8 COLLATE=utf8_unicode_ci;

/*Data for the table `default_files` */

insert  into `default_files`(`id`,`folder_id`,`user_id`,`type`,`name`,`filename`,`path`,`description`,`extension`,`mimetype`,`width`,`height`,`filesize`,`download_count`,`date_added`,`sort`) values (1,1,9,'i','halong-bay-overnight-junk-boat-cruise-in-hanoi-127864.jpg','halong-bay-overnight-junk-boat-cruise-in-hanoi-127864.jpg','{{ url:site }}files/large/halong-bay-overnight-junk-boat-cruise-in-hanoi-127864.jpg','','.jpg','image/jpeg',154,102,15,0,1368106646,0),(4,1,9,'i','kuala-lumpur-122076.jpg','kuala-lumpur-122076.jpg','{{ url:site }}files/large/kuala-lumpur-122076.jpg','','.jpg','image/jpeg',154,102,28,0,1368108681,0),(5,1,9,'i','kuala-lumpur-122077.jpg','kuala-lumpur-122077.jpg','{{ url:site }}files/large/kuala-lumpur-122077.jpg','','.jpg','image/jpeg',154,102,17,0,1368108682,0),(6,1,9,'i','kuala-lumpur-121904.jpg','kuala-lumpur-121904.jpg','{{ url:site }}files/large/kuala-lumpur-121904.jpg','','.jpg','image/jpeg',154,102,30,0,1368108682,0),(7,1,9,'i','langkawi-39699.jpg','langkawi-39699.jpg','{{ url:site }}files/large/langkawi-39699.jpg','','.jpg','image/jpeg',154,102,28,0,1368108682,0),(8,1,9,'i','kuala-lumpur-47152.jpg','kuala-lumpur-47152.jpg','{{ url:site }}files/large/kuala-lumpur-47152.jpg','','.jpg','image/jpeg',154,102,16,0,1368108683,0),(9,1,9,'i','kuala-lumpur-122081.jpg','kuala-lumpur-122081.jpg','{{ url:site }}files/large/kuala-lumpur-122081.jpg','','.jpg','image/jpeg',154,102,18,0,1368108683,0),(10,1,9,'i','kuala-lumpur-123698.jpg','kuala-lumpur-123698.jpg','{{ url:site }}files/large/kuala-lumpur-123698.jpg','','.jpg','image/jpeg',154,102,27,0,1368108683,0),(11,1,9,'i','kuala-lumpur-39637.jpg','kuala-lumpur-39637.jpg','{{ url:site }}files/large/kuala-lumpur-39637.jpg','','.jpg','image/jpeg',154,102,19,0,1368108684,0),(13,1,9,'i','kuala-lumpur-39645.jpg','kuala-lumpur-39645.jpg','{{ url:site }}files/large/kuala-lumpur-39645.jpg','','.jpg','image/jpeg',154,102,29,0,1368108684,0),(14,1,9,'i','kuala-lumpur-107880.jpg','kuala-lumpur-107880.jpg','{{ url:site }}files/large/kuala-lumpur-107880.jpg','','.jpg','image/jpeg',154,102,28,0,1368108684,0),(15,1,9,'i','sabah-39715.jpg','sabah-39715.jpg','{{ url:site }}files/large/sabah-39715.jpg','','.jpg','image/jpeg',154,102,28,0,1368108685,0),(16,1,9,'i','bangkok-120125.jpg','bangkok-120125.jpg','{{ url:site }}files/large/bangkok-120125.jpg','','.jpg','image/jpeg',154,102,21,0,1368108685,0),(17,1,9,'i','kuala-lumpur-39611.jpg','kuala-lumpur-39611.jpg','{{ url:site }}files/large/kuala-lumpur-39611.jpg','','.jpg','image/jpeg',154,102,25,0,1368108685,0);

/*Table structure for table `default_groups` */

DROP TABLE IF EXISTS `default_groups`;

CREATE TABLE `default_groups` (
  `id` int(11) NOT NULL AUTO_INCREMENT,
  `name` varchar(100) COLLATE utf8_unicode_ci NOT NULL,
  `description` varchar(250) COLLATE utf8_unicode_ci DEFAULT NULL,
  PRIMARY KEY (`id`)
) ENGINE=InnoDB AUTO_INCREMENT=3 DEFAULT CHARSET=utf8 COLLATE=utf8_unicode_ci;

/*Data for the table `default_groups` */

insert  into `default_groups`(`id`,`name`,`description`) values (1,'admin','Administrator'),(2,'user','User');

/*Table structure for table `default_keywords` */

DROP TABLE IF EXISTS `default_keywords`;

CREATE TABLE `default_keywords` (
  `id` int(11) NOT NULL AUTO_INCREMENT,
  `name` varchar(50) COLLATE utf8_unicode_ci NOT NULL,
  PRIMARY KEY (`id`)
) ENGINE=InnoDB DEFAULT CHARSET=utf8 COLLATE=utf8_unicode_ci;

/*Data for the table `default_keywords` */

/*Table structure for table `default_keywords_applied` */

DROP TABLE IF EXISTS `default_keywords_applied`;

CREATE TABLE `default_keywords_applied` (
  `id` int(11) NOT NULL AUTO_INCREMENT,
  `hash` char(32) COLLATE utf8_unicode_ci NOT NULL DEFAULT '',
  `keyword_id` int(11) NOT NULL,
  PRIMARY KEY (`id`)
) ENGINE=InnoDB DEFAULT CHARSET=utf8 COLLATE=utf8_unicode_ci;

/*Data for the table `default_keywords_applied` */

/*Table structure for table `default_migrations` */

DROP TABLE IF EXISTS `default_migrations`;

CREATE TABLE `default_migrations` (
  `version` int(3) DEFAULT NULL
) ENGINE=MyISAM DEFAULT CHARSET=utf8 COLLATE=utf8_unicode_ci;

/*Data for the table `default_migrations` */

insert  into `default_migrations`(`version`) values (96);

/*Table structure for table `default_modules` */

DROP TABLE IF EXISTS `default_modules`;

CREATE TABLE `default_modules` (
  `id` int(11) NOT NULL AUTO_INCREMENT,
  `name` text COLLATE utf8_unicode_ci NOT NULL,
  `slug` varchar(50) COLLATE utf8_unicode_ci NOT NULL,
  `version` varchar(20) COLLATE utf8_unicode_ci NOT NULL,
  `type` varchar(20) COLLATE utf8_unicode_ci DEFAULT NULL,
  `description` text COLLATE utf8_unicode_ci,
  `skip_xss` tinyint(1) NOT NULL,
  `is_frontend` tinyint(1) NOT NULL,
  `is_backend` tinyint(1) NOT NULL,
  `menu` varchar(20) COLLATE utf8_unicode_ci NOT NULL,
  `enabled` tinyint(1) NOT NULL,
  `installed` tinyint(1) NOT NULL,
  `is_core` tinyint(1) NOT NULL,
  `updated_on` int(11) NOT NULL DEFAULT '0',
  PRIMARY KEY (`id`),
  UNIQUE KEY `slug` (`slug`),
  KEY `enabled` (`enabled`)
) ENGINE=MyISAM AUTO_INCREMENT=27 DEFAULT CHARSET=utf8 COLLATE=utf8_unicode_ci;

/*Data for the table `default_modules` */

insert  into `default_modules`(`id`,`name`,`slug`,`version`,`type`,`description`,`skip_xss`,`is_frontend`,`is_backend`,`menu`,`enabled`,`installed`,`is_core`,`updated_on`) values (1,'a:15:{s:2:\"en\";s:4:\"Blog\";s:2:\"ar\";s:16:\"المدوّنة\";s:2:\"br\";s:4:\"Blog\";s:2:\"pt\";s:4:\"Blog\";s:2:\"el\";s:18:\"Ιστολόγιο\";s:2:\"he\";s:8:\"בלוג\";s:2:\"id\";s:4:\"Blog\";s:2:\"lt\";s:6:\"Blogas\";s:2:\"pl\";s:4:\"Blog\";s:2:\"ru\";s:8:\"Блог\";s:2:\"zh\";s:6:\"文章\";s:2:\"hu\";s:4:\"Blog\";s:2:\"fi\";s:5:\"Blogi\";s:2:\"th\";s:15:\"บล็อก\";s:2:\"se\";s:5:\"Blogg\";}','blog','2.0',NULL,'a:23:{s:2:\"en\";s:18:\"Post blog entries.\";s:2:\"ar\";s:48:\"أنشر المقالات على مدوّنتك.\";s:2:\"br\";s:30:\"Escrever publicações de blog\";s:2:\"pt\";s:39:\"Escrever e editar publicações no blog\";s:2:\"cs\";s:49:\"Publikujte nové články a příspěvky na blog.\";s:2:\"da\";s:17:\"Skriv blogindlæg\";s:2:\"de\";s:47:\"Veröffentliche neue Artikel und Blog-Einträge\";s:2:\"sl\";s:23:\"Objavite blog prispevke\";s:2:\"fi\";s:28:\"Kirjoita blogi artikkeleita.\";s:2:\"el\";s:93:\"Δημιουργήστε άρθρα και εγγραφές στο ιστολόγιο σας.\";s:2:\"es\";s:54:\"Escribe entradas para los artículos y blog (web log).\";s:2:\"fr\";s:46:\"Envoyez de nouveaux posts et messages de blog.\";s:2:\"he\";s:19:\"ניהול בלוג\";s:2:\"id\";s:15:\"Post entri blog\";s:2:\"it\";s:36:\"Pubblica notizie e post per il blog.\";s:2:\"lt\";s:40:\"Rašykite naujienas bei blog\'o įrašus.\";s:2:\"nl\";s:41:\"Post nieuwsartikelen en blogs op uw site.\";s:2:\"pl\";s:27:\"Dodawaj nowe wpisy na blogu\";s:2:\"ru\";s:49:\"Управление записями блога.\";s:2:\"zh\";s:42:\"發表新聞訊息、部落格等文章。\";s:2:\"th\";s:48:\"โพสต์รายการบล็อก\";s:2:\"hu\";s:32:\"Blog bejegyzések létrehozása.\";s:2:\"se\";s:18:\"Inlägg i bloggen.\";}',1,1,1,'content',1,1,1,1368288858),(2,'a:23:{s:2:\"en\";s:8:\"Comments\";s:2:\"ar\";s:18:\"التعليقات\";s:2:\"br\";s:12:\"Comentários\";s:2:\"pt\";s:12:\"Comentários\";s:2:\"cs\";s:11:\"Komentáře\";s:2:\"da\";s:11:\"Kommentarer\";s:2:\"de\";s:10:\"Kommentare\";s:2:\"el\";s:12:\"Σχόλια\";s:2:\"es\";s:11:\"Comentarios\";s:2:\"fi\";s:9:\"Kommentit\";s:2:\"fr\";s:12:\"Commentaires\";s:2:\"he\";s:12:\"תגובות\";s:2:\"id\";s:8:\"Komentar\";s:2:\"it\";s:8:\"Commenti\";s:2:\"lt\";s:10:\"Komentarai\";s:2:\"nl\";s:8:\"Reacties\";s:2:\"pl\";s:10:\"Komentarze\";s:2:\"ru\";s:22:\"Комментарии\";s:2:\"sl\";s:10:\"Komentarji\";s:2:\"zh\";s:6:\"回應\";s:2:\"hu\";s:16:\"Hozzászólások\";s:2:\"th\";s:33:\"ความคิดเห็น\";s:2:\"se\";s:11:\"Kommentarer\";}','comments','1.0',NULL,'a:23:{s:2:\"en\";s:76:\"Users and guests can write comments for content like blog, pages and photos.\";s:2:\"ar\";s:152:\"يستطيع الأعضاء والزوّار كتابة التعليقات على المُحتوى كالأخبار، والصفحات والصّوَر.\";s:2:\"br\";s:97:\"Usuários e convidados podem escrever comentários para quase tudo com suporte nativo ao captcha.\";s:2:\"pt\";s:100:\"Utilizadores e convidados podem escrever comentários para quase tudo com suporte nativo ao captcha.\";s:2:\"cs\";s:100:\"Uživatelé a hosté mohou psát komentáře k obsahu, např. neovinkám, stránkám a fotografiím.\";s:2:\"da\";s:83:\"Brugere og besøgende kan skrive kommentarer til indhold som blog, sider og fotoer.\";s:2:\"de\";s:65:\"Benutzer und Gäste können für fast alles Kommentare schreiben.\";s:2:\"el\";s:224:\"Οι χρήστες και οι επισκέπτες μπορούν να αφήνουν σχόλια για περιεχόμενο όπως το ιστολόγιο, τις σελίδες και τις φωτογραφίες.\";s:2:\"es\";s:130:\"Los usuarios y visitantes pueden escribir comentarios en casi todo el contenido con el soporte de un sistema de captcha incluído.\";s:2:\"fi\";s:107:\"Käyttäjät ja vieraat voivat kirjoittaa kommentteja eri sisältöihin kuten uutisiin, sivuihin ja kuviin.\";s:2:\"fr\";s:130:\"Les utilisateurs et les invités peuvent écrire des commentaires pour quasiment tout grâce au générateur de captcha intégré.\";s:2:\"he\";s:94:\"משתמשי האתר יכולים לרשום תגובות למאמרים, תמונות וכו\";s:2:\"id\";s:100:\"Pengguna dan pengunjung dapat menuliskan komentaruntuk setiap konten seperti blog, halaman dan foto.\";s:2:\"it\";s:85:\"Utenti e visitatori possono scrivere commenti ai contenuti quali blog, pagine e foto.\";s:2:\"lt\";s:75:\"Vartotojai ir svečiai gali komentuoti jūsų naujienas, puslapius ar foto.\";s:2:\"nl\";s:52:\"Gebruikers en gasten kunnen reageren op bijna alles.\";s:2:\"pl\";s:93:\"Użytkownicy i goście mogą dodawać komentarze z wbudowanym systemem zabezpieczeń captcha.\";s:2:\"ru\";s:187:\"Пользователи и гости могут добавлять комментарии к новостям, информационным страницам и фотографиям.\";s:2:\"sl\";s:89:\"Uporabniki in obiskovalci lahko vnesejo komentarje na vsebino kot je blok, stra ali slike\";s:2:\"zh\";s:75:\"用戶和訪客可以針對新聞、頁面與照片等內容發表回應。\";s:2:\"hu\";s:117:\"A felhasználók és a vendégek hozzászólásokat írhatnak a tartalomhoz (bejegyzésekhez, oldalakhoz, fotókhoz).\";s:2:\"th\";s:240:\"ผู้ใช้งานและผู้เยี่ยมชมสามารถเขียนความคิดเห็นในเนื้อหาของหน้าเว็บบล็อกและภาพถ่าย\";s:2:\"se\";s:98:\"Användare och besökare kan skriva kommentarer till innehåll som blogginlägg, sidor och bilder.\";}',0,0,1,'content',1,1,1,1368288858),(3,'a:23:{s:2:\"en\";s:7:\"Contact\";s:2:\"ar\";s:14:\"الإتصال\";s:2:\"br\";s:7:\"Contato\";s:2:\"pt\";s:8:\"Contacto\";s:2:\"cs\";s:7:\"Kontakt\";s:2:\"da\";s:7:\"Kontakt\";s:2:\"de\";s:7:\"Kontakt\";s:2:\"el\";s:22:\"Επικοινωνία\";s:2:\"es\";s:8:\"Contacto\";s:2:\"fi\";s:13:\"Ota yhteyttä\";s:2:\"fr\";s:7:\"Contact\";s:2:\"he\";s:17:\"יצירת קשר\";s:2:\"id\";s:6:\"Kontak\";s:2:\"it\";s:10:\"Contattaci\";s:2:\"lt\";s:18:\"Kontaktinė formą\";s:2:\"nl\";s:7:\"Contact\";s:2:\"pl\";s:7:\"Kontakt\";s:2:\"ru\";s:27:\"Обратная связь\";s:2:\"sl\";s:7:\"Kontakt\";s:2:\"zh\";s:12:\"聯絡我們\";s:2:\"hu\";s:9:\"Kapcsolat\";s:2:\"th\";s:18:\"ติดต่อ\";s:2:\"se\";s:7:\"Kontakt\";}','contact','0.9',NULL,'a:23:{s:2:\"en\";s:112:\"Adds a form to your site that allows visitors to send emails to you without disclosing an email address to them.\";s:2:\"ar\";s:157:\"إضافة استمارة إلى موقعك تُمكّن الزوّار من مراسلتك دون علمهم بعنوان البريد الإلكتروني.\";s:2:\"br\";s:139:\"Adiciona um formulário para o seu site permitir aos visitantes que enviem e-mails para voce sem divulgar um endereço de e-mail para eles.\";s:2:\"pt\";s:116:\"Adiciona um formulário ao seu site que permite aos visitantes enviarem e-mails sem divulgar um endereço de e-mail.\";s:2:\"cs\";s:149:\"Přidá na web kontaktní formulář pro návštěvníky a uživatele, díky kterému vás mohou kontaktovat i bez znalosti vaší e-mailové adresy.\";s:2:\"da\";s:123:\"Tilføjer en formular på din side som tillader besøgende at sende mails til dig, uden at du skal opgive din email-adresse\";s:2:\"de\";s:119:\"Fügt ein Formular hinzu, welches Besuchern erlaubt Emails zu schreiben, ohne die Kontakt Email-Adresse offen zu legen.\";s:2:\"el\";s:273:\"Προσθέτει μια φόρμα στον ιστότοπό σας που επιτρέπει σε επισκέπτες να σας στέλνουν μηνύμα μέσω email χωρίς να τους αποκαλύπτεται η διεύθυνση του email σας.\";s:2:\"es\";s:156:\"Añade un formulario a tu sitio que permitirá a los visitantes enviarte correos electrónicos a ti sin darles tu dirección de correo directamente a ellos.\";s:2:\"fi\";s:128:\"Luo lomakkeen sivustollesi, josta kävijät voivat lähettää sähköpostia tietämättä vastaanottajan sähköpostiosoitetta.\";s:2:\"fr\";s:122:\"Ajoute un formulaire à votre site qui permet aux visiteurs de vous envoyer un e-mail sans révéler votre adresse e-mail.\";s:2:\"he\";s:155:\"מוסיף תופס יצירת קשר לאתר על מנת לא לחסוף כתובת דואר האלקטרוני של האתר למנועי פרסומות\";s:2:\"id\";s:149:\"Menambahkan formulir ke dalam situs Anda yang memungkinkan pengunjung untuk mengirimkan email kepada Anda tanpa memberikan alamat email kepada mereka\";s:2:\"it\";s:119:\"Aggiunge un modulo al tuo sito che permette ai visitatori di inviarti email senza mostrare loro il tuo indirizzo email.\";s:2:\"lt\";s:124:\"Prideda jūsų puslapyje formą leidžianti lankytojams siūsti jums el. laiškus neatskleidžiant jūsų el. pašto adreso.\";s:2:\"nl\";s:125:\"Voegt een formulier aan de site toe waarmee bezoekers een email kunnen sturen, zonder dat u ze een emailadres hoeft te tonen.\";s:2:\"pl\";s:126:\"Dodaje formularz kontaktowy do Twojej strony, który pozwala użytkownikom wysłanie maila za pomocą formularza kontaktowego.\";s:2:\"ru\";s:234:\"Добавляет форму обратной связи на сайт, через которую посетители могут отправлять вам письма, при этом адрес Email остаётся скрыт.\";s:2:\"sl\";s:113:\"Dodaj obrazec za kontakt da vam lahko obiskovalci pošljejo sporočilo brez da bi jim razkrili vaš email naslov.\";s:2:\"zh\";s:147:\"為您的網站新增「聯絡我們」的功能，對訪客是較為清楚便捷的聯絡方式，也無須您將電子郵件公開在網站上。\";s:2:\"th\";s:316:\"เพิ่มแบบฟอร์มในเว็บไซต์ของคุณ ช่วยให้ผู้เยี่ยมชมสามารถส่งอีเมลถึงคุณโดยไม่ต้องเปิดเผยที่อยู่อีเมลของพวกเขา\";s:2:\"hu\";s:156:\"Létrehozható vele olyan űrlap, amely lehetővé teszi a látogatók számára, hogy e-mailt küldjenek neked úgy, hogy nem feded fel az e-mail címedet.\";s:2:\"se\";s:53:\"Lägger till ett kontaktformulär till din webbplats.\";}',0,0,0,'0',1,1,1,1368288858),(4,'a:22:{s:2:\"en\";s:5:\"Files\";s:2:\"ar\";s:16:\"الملفّات\";s:2:\"br\";s:8:\"Arquivos\";s:2:\"pt\";s:9:\"Ficheiros\";s:2:\"cs\";s:7:\"Soubory\";s:2:\"da\";s:5:\"Filer\";s:2:\"de\";s:7:\"Dateien\";s:2:\"el\";s:12:\"Αρχεία\";s:2:\"es\";s:8:\"Archivos\";s:2:\"fi\";s:9:\"Tiedostot\";s:2:\"fr\";s:8:\"Fichiers\";s:2:\"he\";s:10:\"קבצים\";s:2:\"id\";s:4:\"File\";s:2:\"it\";s:4:\"File\";s:2:\"lt\";s:6:\"Failai\";s:2:\"nl\";s:9:\"Bestanden\";s:2:\"ru\";s:10:\"Файлы\";s:2:\"sl\";s:8:\"Datoteke\";s:2:\"zh\";s:6:\"檔案\";s:2:\"hu\";s:7:\"Fájlok\";s:2:\"th\";s:12:\"ไฟล์\";s:2:\"se\";s:5:\"Filer\";}','files','2.0',NULL,'a:22:{s:2:\"en\";s:40:\"Manages files and folders for your site.\";s:2:\"ar\";s:50:\"إدارة ملفات ومجلّدات موقعك.\";s:2:\"br\";s:53:\"Permite gerenciar facilmente os arquivos de seu site.\";s:2:\"pt\";s:59:\"Permite gerir facilmente os ficheiros e pastas do seu site.\";s:2:\"cs\";s:43:\"Spravujte soubory a složky na vašem webu.\";s:2:\"da\";s:41:\"Administrer filer og mapper for dit site.\";s:2:\"de\";s:35:\"Verwalte Dateien und Verzeichnisse.\";s:2:\"el\";s:100:\"Διαχειρίζεται αρχεία και φακέλους για το ιστότοπό σας.\";s:2:\"es\";s:43:\"Administra archivos y carpetas en tu sitio.\";s:2:\"fi\";s:43:\"Hallitse sivustosi tiedostoja ja kansioita.\";s:2:\"fr\";s:46:\"Gérer les fichiers et dossiers de votre site.\";s:2:\"he\";s:47:\"ניהול תיקיות וקבצים שבאתר\";s:2:\"id\";s:42:\"Mengatur file dan folder dalam situs Anda.\";s:2:\"it\";s:38:\"Gestisci file e cartelle del tuo sito.\";s:2:\"lt\";s:28:\"Katalogų ir bylų valdymas.\";s:2:\"nl\";s:41:\"Beheer bestanden en mappen op uw website.\";s:2:\"ru\";s:78:\"Управление файлами и папками вашего сайта.\";s:2:\"sl\";s:38:\"Uredi datoteke in mape na vaši strani\";s:2:\"zh\";s:33:\"管理網站中的檔案與目錄\";s:2:\"hu\";s:41:\"Fájlok és mappák kezelése az oldalon.\";s:2:\"th\";s:141:\"บริหารจัดการไฟล์และโฟลเดอร์สำหรับเว็บไซต์ของคุณ\";s:2:\"se\";s:45:\"Hanterar filer och mappar för din webbplats.\";}',0,0,1,'content',1,1,1,1368288858),(5,'a:22:{s:2:\"en\";s:6:\"Groups\";s:2:\"ar\";s:18:\"المجموعات\";s:2:\"br\";s:6:\"Grupos\";s:2:\"pt\";s:6:\"Grupos\";s:2:\"cs\";s:7:\"Skupiny\";s:2:\"da\";s:7:\"Grupper\";s:2:\"de\";s:7:\"Gruppen\";s:2:\"el\";s:12:\"Ομάδες\";s:2:\"es\";s:6:\"Grupos\";s:2:\"fi\";s:7:\"Ryhmät\";s:2:\"fr\";s:7:\"Groupes\";s:2:\"he\";s:12:\"קבוצות\";s:2:\"id\";s:4:\"Grup\";s:2:\"it\";s:6:\"Gruppi\";s:2:\"lt\";s:7:\"Grupės\";s:2:\"nl\";s:7:\"Groepen\";s:2:\"ru\";s:12:\"Группы\";s:2:\"sl\";s:7:\"Skupine\";s:2:\"zh\";s:6:\"群組\";s:2:\"hu\";s:9:\"Csoportok\";s:2:\"th\";s:15:\"กลุ่ม\";s:2:\"se\";s:7:\"Grupper\";}','groups','1.0',NULL,'a:22:{s:2:\"en\";s:54:\"Users can be placed into groups to manage permissions.\";s:2:\"ar\";s:100:\"يمكن وضع المستخدمين في مجموعات لتسهيل إدارة صلاحياتهم.\";s:2:\"br\";s:72:\"Usuários podem ser inseridos em grupos para gerenciar suas permissões.\";s:2:\"pt\";s:74:\"Utilizadores podem ser inseridos em grupos para gerir as suas permissões.\";s:2:\"cs\";s:77:\"Uživatelé mohou být rozřazeni do skupin pro lepší správu oprávnění.\";s:2:\"da\";s:49:\"Brugere kan inddeles i grupper for adgangskontrol\";s:2:\"de\";s:85:\"Benutzer können zu Gruppen zusammengefasst werden um diesen Zugriffsrechte zu geben.\";s:2:\"el\";s:168:\"Οι χρήστες μπορούν να τοποθετηθούν σε ομάδες και έτσι να διαχειριστείτε τα δικαιώματά τους.\";s:2:\"es\";s:75:\"Los usuarios podrán ser colocados en grupos para administrar sus permisos.\";s:2:\"fi\";s:84:\"Käyttäjät voidaan liittää ryhmiin, jotta käyttöoikeuksia voidaan hallinnoida.\";s:2:\"fr\";s:82:\"Les utilisateurs peuvent appartenir à des groupes afin de gérer les permissions.\";s:2:\"he\";s:62:\"נותן אפשרות לאסוף משתמשים לקבוצות\";s:2:\"id\";s:68:\"Pengguna dapat dikelompokkan ke dalam grup untuk mengatur perizinan.\";s:2:\"it\";s:69:\"Gli utenti possono essere inseriti in gruppi per gestirne i permessi.\";s:2:\"lt\";s:67:\"Vartotojai gali būti priskirti grupei tam, kad valdyti jų teises.\";s:2:\"nl\";s:73:\"Gebruikers kunnen in groepen geplaatst worden om rechten te kunnen geven.\";s:2:\"ru\";s:134:\"Пользователей можно объединять в группы, для управления правами доступа.\";s:2:\"sl\";s:64:\"Uporabniki so lahko razvrščeni v skupine za urejanje dovoljenj\";s:2:\"zh\";s:45:\"用戶可以依群組分類並管理其權限\";s:2:\"hu\";s:73:\"A felhasználók csoportokba rendezhetőek a jogosultságok kezelésére.\";s:2:\"th\";s:84:\"สามารถวางผู้ใช้ลงในกลุ่มเพื่\";s:2:\"se\";s:76:\"Användare kan delas in i grupper för att hantera roller och behörigheter.\";}',0,0,1,'users',1,1,1,1368288858),(6,'a:15:{s:2:\"en\";s:8:\"Keywords\";s:2:\"ar\";s:21:\"كلمات البحث\";s:2:\"br\";s:14:\"Palavras-chave\";s:2:\"pt\";s:14:\"Palavras-chave\";s:2:\"da\";s:9:\"Nøgleord\";s:2:\"el\";s:27:\"Λέξεις Κλειδιά\";s:2:\"fr\";s:10:\"Mots-Clés\";s:2:\"id\";s:10:\"Kata Kunci\";s:2:\"nl\";s:14:\"Sleutelwoorden\";s:2:\"zh\";s:6:\"鍵詞\";s:2:\"hu\";s:11:\"Kulcsszavak\";s:2:\"fi\";s:10:\"Avainsanat\";s:2:\"sl\";s:15:\"Ključne besede\";s:2:\"th\";s:15:\"คำค้น\";s:2:\"se\";s:9:\"Nyckelord\";}','keywords','1.0',NULL,'a:15:{s:2:\"en\";s:71:\"Maintain a central list of keywords to label and organize your content.\";s:2:\"ar\";s:124:\"أنشئ مجموعة من كلمات البحث التي تستطيع من خلالها وسم وتنظيم المحتوى.\";s:2:\"br\";s:85:\"Mantém uma lista central de palavras-chave para rotular e organizar o seu conteúdo.\";s:2:\"pt\";s:85:\"Mantém uma lista central de palavras-chave para rotular e organizar o seu conteúdo.\";s:2:\"da\";s:72:\"Vedligehold en central liste af nøgleord for at organisere dit indhold.\";s:2:\"el\";s:181:\"Συντηρεί μια κεντρική λίστα από λέξεις κλειδιά για να οργανώνετε μέσω ετικετών το περιεχόμενό σας.\";s:2:\"fr\";s:87:\"Maintenir une liste centralisée de Mots-Clés pour libeller et organiser vos contenus.\";s:2:\"id\";s:71:\"Memantau daftar kata kunci untuk melabeli dan mengorganisasikan konten.\";s:2:\"nl\";s:91:\"Beheer een centrale lijst van sleutelwoorden om uw content te categoriseren en organiseren.\";s:2:\"zh\";s:64:\"集中管理可用於標題與內容的鍵詞(keywords)列表。\";s:2:\"hu\";s:65:\"Ez egy központi kulcsszó lista a cimkékhez és a tartalmakhoz.\";s:2:\"fi\";s:92:\"Hallinnoi keskitettyä listaa avainsanoista merkitäksesi ja järjestelläksesi sisältöä.\";s:2:\"sl\";s:82:\"Vzdržuj centralni seznam ključnih besed za označevanje in ogranizacijo vsebine.\";s:2:\"th\";s:189:\"ศูนย์กลางการปรับปรุงคำค้นในการติดฉลากและจัดระเบียบเนื้อหาของคุณ\";s:2:\"se\";s:61:\"Hantera nyckelord för att organisera webbplatsens innehåll.\";}',0,0,1,'content',1,1,1,1368288858),(7,'a:12:{s:2:\"en\";s:11:\"Maintenance\";s:2:\"pt\";s:12:\"Manutenção\";s:2:\"ar\";s:14:\"الصيانة\";s:2:\"el\";s:18:\"Συντήρηση\";s:2:\"hu\";s:13:\"Karbantartás\";s:2:\"fi\";s:9:\"Ylläpito\";s:2:\"fr\";s:11:\"Maintenance\";s:2:\"id\";s:12:\"Pemeliharaan\";s:2:\"se\";s:10:\"Underhåll\";s:2:\"sl\";s:12:\"Vzdrževanje\";s:2:\"th\";s:39:\"การบำรุงรักษา\";s:2:\"zh\";s:6:\"維護\";}','maintenance','1.0',NULL,'a:12:{s:2:\"en\";s:63:\"Manage the site cache and export information from the database.\";s:2:\"pt\";s:68:\"Gerir o cache do seu site e exportar informações da base de dados.\";s:2:\"ar\";s:81:\"حذف عناصر الذاكرة المخبأة عبر واجهة الإدارة.\";s:2:\"el\";s:142:\"Διαγραφή αντικειμένων προσωρινής αποθήκευσης μέσω της περιοχής διαχείρισης.\";s:2:\"id\";s:60:\"Mengatur cache situs dan mengexport informasi dari database.\";s:2:\"fr\";s:71:\"Gérer le cache du site et exporter les contenus de la base de données\";s:2:\"fi\";s:59:\"Hallinoi sivuston välimuistia ja vie tietoa tietokannasta.\";s:2:\"hu\";s:66:\"Az oldal gyorsítótár kezelése és az adatbázis exportálása.\";s:2:\"se\";s:76:\"Underhåll webbplatsens cache och exportera data från webbplatsens databas.\";s:2:\"sl\";s:69:\"Upravljaj s predpomnilnikom strani (cache) in izvozi podatke iz baze.\";s:2:\"th\";s:150:\"การจัดการแคชเว็บไซต์และข้อมูลการส่งออกจากฐานข้อมูล\";s:2:\"zh\";s:45:\"經由管理介面手動刪除暫存資料。\";}',0,0,1,'utilities',1,1,1,1368288858),(8,'a:23:{s:2:\"en\";s:7:\"Modules\";s:2:\"ar\";s:14:\"الوحدات\";s:2:\"br\";s:8:\"Módulos\";s:2:\"pt\";s:8:\"Módulos\";s:2:\"cs\";s:6:\"Moduly\";s:2:\"da\";s:7:\"Moduler\";s:2:\"de\";s:6:\"Module\";s:2:\"el\";s:16:\"Πρόσθετα\";s:2:\"es\";s:8:\"Módulos\";s:2:\"fi\";s:8:\"Moduulit\";s:2:\"fr\";s:7:\"Modules\";s:2:\"he\";s:14:\"מודולים\";s:2:\"id\";s:5:\"Modul\";s:2:\"it\";s:6:\"Moduli\";s:2:\"lt\";s:8:\"Moduliai\";s:2:\"nl\";s:7:\"Modules\";s:2:\"pl\";s:7:\"Moduły\";s:2:\"ru\";s:12:\"Модули\";s:2:\"sl\";s:6:\"Moduli\";s:2:\"zh\";s:6:\"模組\";s:2:\"hu\";s:7:\"Modulok\";s:2:\"th\";s:15:\"โมดูล\";s:2:\"se\";s:7:\"Moduler\";}','modules','1.0',NULL,'a:23:{s:2:\"en\";s:59:\"Allows admins to see a list of currently installed modules.\";s:2:\"ar\";s:91:\"تُمكّن المُدراء من معاينة جميع الوحدات المُثبّتة.\";s:2:\"br\";s:75:\"Permite aos administradores ver a lista dos módulos instalados atualmente.\";s:2:\"pt\";s:75:\"Permite aos administradores ver a lista dos módulos instalados atualmente.\";s:2:\"cs\";s:68:\"Umožňuje administrátorům vidět seznam nainstalovaných modulů.\";s:2:\"da\";s:63:\"Lader administratorer se en liste over de installerede moduler.\";s:2:\"de\";s:56:\"Zeigt Administratoren alle aktuell installierten Module.\";s:2:\"el\";s:152:\"Επιτρέπει στους διαχειριστές να προβάλουν μια λίστα των εγκατεστημένων πρόσθετων.\";s:2:\"es\";s:71:\"Permite a los administradores ver una lista de los módulos instalados.\";s:2:\"fi\";s:60:\"Listaa järjestelmänvalvojalle käytössä olevat moduulit.\";s:2:\"fr\";s:66:\"Permet aux administrateurs de voir la liste des modules installés\";s:2:\"he\";s:160:\"נותן אופציה למנהל לראות רשימה של המודולים אשר מותקנים כעת באתר או להתקין מודולים נוספים\";s:2:\"id\";s:57:\"Memperlihatkan kepada admin daftar modul yang terinstall.\";s:2:\"it\";s:83:\"Permette agli amministratori di vedere una lista dei moduli attualmente installati.\";s:2:\"lt\";s:75:\"Vartotojai ir svečiai gali komentuoti jūsų naujienas, puslapius ar foto.\";s:2:\"nl\";s:79:\"Stelt admins in staat om een overzicht van geinstalleerde modules te genereren.\";s:2:\"pl\";s:81:\"Umożliwiają administratorowi wgląd do listy obecnie zainstalowanych modułów.\";s:2:\"ru\";s:83:\"Список модулей, которые установлены на сайте.\";s:2:\"sl\";s:65:\"Dovoljuje administratorjem pregled trenutno nameščenih modulov.\";s:2:\"zh\";s:54:\"管理員可以檢視目前已經安裝模組的列表\";s:2:\"hu\";s:79:\"Lehetővé teszi az adminoknak, hogy lássák a telepített modulok listáját.\";s:2:\"th\";s:162:\"ช่วยให้ผู้ดูแลระบบดูรายการของโมดูลที่ติดตั้งในปัจจุบัน\";s:2:\"se\";s:67:\"Gör det möjligt för administratören att se installerade mouler.\";}',0,0,1,'0',1,1,1,1368288858),(9,'a:23:{s:2:\"en\";s:10:\"Navigation\";s:2:\"ar\";s:14:\"الروابط\";s:2:\"br\";s:11:\"Navegação\";s:2:\"pt\";s:11:\"Navegação\";s:2:\"cs\";s:8:\"Navigace\";s:2:\"da\";s:10:\"Navigation\";s:2:\"de\";s:10:\"Navigation\";s:2:\"el\";s:16:\"Πλοήγηση\";s:2:\"es\";s:11:\"Navegación\";s:2:\"fi\";s:10:\"Navigointi\";s:2:\"fr\";s:10:\"Navigation\";s:2:\"he\";s:10:\"ניווט\";s:2:\"id\";s:8:\"Navigasi\";s:2:\"it\";s:11:\"Navigazione\";s:2:\"lt\";s:10:\"Navigacija\";s:2:\"nl\";s:9:\"Navigatie\";s:2:\"pl\";s:9:\"Nawigacja\";s:2:\"ru\";s:18:\"Навигация\";s:2:\"sl\";s:10:\"Navigacija\";s:2:\"zh\";s:12:\"導航選單\";s:2:\"th\";s:36:\"ตัวช่วยนำทาง\";s:2:\"hu\";s:11:\"Navigáció\";s:2:\"se\";s:10:\"Navigation\";}','navigation','1.1',NULL,'a:23:{s:2:\"en\";s:78:\"Manage links on navigation menus and all the navigation groups they belong to.\";s:2:\"ar\";s:85:\"إدارة روابط وقوائم ومجموعات الروابط في الموقع.\";s:2:\"br\";s:91:\"Gerenciar links do menu de navegação e todos os grupos de navegação pertencentes a ele.\";s:2:\"pt\";s:93:\"Gerir todos os grupos dos menus de navegação e os links de navegação pertencentes a eles.\";s:2:\"cs\";s:73:\"Správa odkazů v navigaci a všech souvisejících navigačních skupin.\";s:2:\"da\";s:82:\"Håndtér links på navigationsmenuerne og alle navigationsgrupperne de tilhører.\";s:2:\"de\";s:76:\"Verwalte Links in Navigationsmenüs und alle zugehörigen Navigationsgruppen\";s:2:\"el\";s:207:\"Διαχειριστείτε τους συνδέσμους στα μενού πλοήγησης και όλες τις ομάδες συνδέσμων πλοήγησης στις οποίες ανήκουν.\";s:2:\"es\";s:102:\"Administra links en los menús de navegación y en todos los grupos de navegación al cual pertenecen.\";s:2:\"fi\";s:91:\"Hallitse linkkejä navigointi valikoissa ja kaikkia navigointi ryhmiä, joihin ne kuuluvat.\";s:2:\"fr\";s:97:\"Gérer les liens du menu Navigation et tous les groupes de navigation auxquels ils appartiennent.\";s:2:\"he\";s:73:\"ניהול שלוחות תפריטי ניווט וקבוצות ניווט\";s:2:\"id\";s:73:\"Mengatur tautan pada menu navigasi dan semua pengelompokan grup navigasi.\";s:2:\"it\";s:97:\"Gestisci i collegamenti dei menu di navigazione e tutti i gruppi di navigazione da cui dipendono.\";s:2:\"lt\";s:95:\"Tvarkyk nuorodas navigacijų menių ir visas navigacijų grupes kurioms tos nuorodos priklauso.\";s:2:\"nl\";s:92:\"Beheer koppelingen op de navigatiemenu&apos;s en alle navigatiegroepen waar ze onder vallen.\";s:2:\"pl\";s:95:\"Zarządzaj linkami w menu nawigacji oraz wszystkimi grupami nawigacji do których one należą.\";s:2:\"ru\";s:136:\"Управление ссылками в меню навигации и группах, к которым они принадлежат.\";s:2:\"sl\";s:64:\"Uredi povezave v meniju in vse skupine povezav ki jim pripadajo.\";s:2:\"zh\";s:72:\"管理導航選單中的連結，以及它們所隸屬的導航群組。\";s:2:\"th\";s:108:\"จัดการการเชื่อมโยงนำทางและกลุ่มนำทาง\";s:2:\"hu\";s:100:\"Linkek kezelése a navigációs menükben és a navigációs csoportok kezelése, amikhez tartoznak.\";s:2:\"se\";s:33:\"Hantera länkar och länkgrupper.\";}',0,0,1,'design',1,1,1,1368288858),(10,'a:23:{s:2:\"en\";s:5:\"Pages\";s:2:\"ar\";s:14:\"الصفحات\";s:2:\"br\";s:8:\"Páginas\";s:2:\"pt\";s:8:\"Páginas\";s:2:\"cs\";s:8:\"Stránky\";s:2:\"da\";s:5:\"Sider\";s:2:\"de\";s:6:\"Seiten\";s:2:\"el\";s:14:\"Σελίδες\";s:2:\"es\";s:8:\"Páginas\";s:2:\"fi\";s:5:\"Sivut\";s:2:\"fr\";s:5:\"Pages\";s:2:\"he\";s:8:\"דפים\";s:2:\"id\";s:7:\"Halaman\";s:2:\"it\";s:6:\"Pagine\";s:2:\"lt\";s:9:\"Puslapiai\";s:2:\"nl\";s:13:\"Pagina&apos;s\";s:2:\"pl\";s:6:\"Strony\";s:2:\"ru\";s:16:\"Страницы\";s:2:\"sl\";s:6:\"Strani\";s:2:\"zh\";s:6:\"頁面\";s:2:\"hu\";s:7:\"Oldalak\";s:2:\"th\";s:21:\"หน้าเพจ\";s:2:\"se\";s:5:\"Sidor\";}','pages','2.2.0',NULL,'a:23:{s:2:\"en\";s:55:\"Add custom pages to the site with any content you want.\";s:2:\"ar\";s:99:\"إضافة صفحات مُخصّصة إلى الموقع تحتوي أية مُحتوى تريده.\";s:2:\"br\";s:82:\"Adicionar páginas personalizadas ao site com qualquer conteúdo que você queira.\";s:2:\"pt\";s:86:\"Adicionar páginas personalizadas ao seu site com qualquer conteúdo que você queira.\";s:2:\"cs\";s:74:\"Přidávejte vlastní stránky na web s jakýmkoliv obsahem budete chtít.\";s:2:\"da\";s:71:\"Tilføj brugerdefinerede sider til dit site med det indhold du ønsker.\";s:2:\"de\";s:49:\"Füge eigene Seiten mit anpassbaren Inhalt hinzu.\";s:2:\"el\";s:152:\"Προσθέστε και επεξεργαστείτε σελίδες στον ιστότοπό σας με ό,τι περιεχόμενο θέλετε.\";s:2:\"es\";s:77:\"Agrega páginas customizadas al sitio con cualquier contenido que tu quieras.\";s:2:\"fi\";s:47:\"Lisää mitä tahansa sisältöä sivustollesi.\";s:2:\"fr\";s:89:\"Permet d\'ajouter sur le site des pages personalisées avec le contenu que vous souhaitez.\";s:2:\"he\";s:35:\"ניהול דפי תוכן האתר\";s:2:\"id\";s:75:\"Menambahkan halaman ke dalam situs dengan konten apapun yang Anda perlukan.\";s:2:\"it\";s:73:\"Aggiungi pagine personalizzate al sito con qualsiesi contenuto tu voglia.\";s:2:\"lt\";s:46:\"Pridėkite nuosavus puslapius betkokio turinio\";s:2:\"nl\";s:70:\"Voeg aangepaste pagina&apos;s met willekeurige inhoud aan de site toe.\";s:2:\"pl\";s:53:\"Dodaj własne strony z dowolną treścią do witryny.\";s:2:\"ru\";s:134:\"Управление информационными страницами сайта, с произвольным содержимым.\";s:2:\"sl\";s:44:\"Dodaj stran s kakršno koli vsebino želite.\";s:2:\"zh\";s:39:\"為您的網站新增自定的頁面。\";s:2:\"th\";s:168:\"เพิ่มหน้าเว็บที่กำหนดเองไปยังเว็บไซต์ของคุณตามที่ต้องการ\";s:2:\"hu\";s:67:\"Saját oldalak hozzáadása a weboldalhoz, akármilyen tartalommal.\";s:2:\"se\";s:39:\"Lägg till egna sidor till webbplatsen.\";}',1,1,1,'content',1,1,1,1368288858),(11,'a:23:{s:2:\"en\";s:11:\"Permissions\";s:2:\"ar\";s:18:\"الصلاحيات\";s:2:\"br\";s:11:\"Permissões\";s:2:\"pt\";s:11:\"Permissões\";s:2:\"cs\";s:12:\"Oprávnění\";s:2:\"da\";s:14:\"Adgangskontrol\";s:2:\"de\";s:14:\"Zugriffsrechte\";s:2:\"el\";s:20:\"Δικαιώματα\";s:2:\"es\";s:8:\"Permisos\";s:2:\"fi\";s:16:\"Käyttöoikeudet\";s:2:\"fr\";s:11:\"Permissions\";s:2:\"he\";s:12:\"הרשאות\";s:2:\"id\";s:9:\"Perizinan\";s:2:\"it\";s:8:\"Permessi\";s:2:\"lt\";s:7:\"Teisės\";s:2:\"nl\";s:15:\"Toegangsrechten\";s:2:\"pl\";s:11:\"Uprawnienia\";s:2:\"ru\";s:25:\"Права доступа\";s:2:\"sl\";s:10:\"Dovoljenja\";s:2:\"zh\";s:6:\"權限\";s:2:\"hu\";s:14:\"Jogosultságok\";s:2:\"th\";s:18:\"สิทธิ์\";s:2:\"se\";s:13:\"Behörigheter\";}','permissions','0.6',NULL,'a:23:{s:2:\"en\";s:68:\"Control what type of users can see certain sections within the site.\";s:2:\"ar\";s:127:\"التحكم بإعطاء الصلاحيات للمستخدمين للوصول إلى أقسام الموقع المختلفة.\";s:2:\"br\";s:68:\"Controle quais tipos de usuários podem ver certas seções no site.\";s:2:\"pt\";s:75:\"Controle quais os tipos de utilizadores podem ver certas secções no site.\";s:2:\"cs\";s:93:\"Spravujte oprávnění pro jednotlivé typy uživatelů a ke kterým sekcím mají přístup.\";s:2:\"da\";s:72:\"Kontroller hvilken type brugere der kan se bestemte sektioner på sitet.\";s:2:\"de\";s:70:\"Regelt welche Art von Benutzer welche Sektion in der Seite sehen kann.\";s:2:\"el\";s:180:\"Ελέγξτε τα δικαιώματα χρηστών και ομάδων χρηστών όσο αφορά σε διάφορες λειτουργίες του ιστοτόπου.\";s:2:\"es\";s:81:\"Controla que tipo de usuarios pueden ver secciones específicas dentro del sitio.\";s:2:\"fi\";s:72:\"Hallitse minkä tyyppisiin osioihin käyttäjät pääsevät sivustolla.\";s:2:\"fr\";s:104:\"Permet de définir les autorisations des groupes d\'utilisateurs pour afficher les différentes sections.\";s:2:\"he\";s:75:\"ניהול הרשאות כניסה לאיזורים מסוימים באתר\";s:2:\"id\";s:76:\"Mengontrol tipe pengguna mana yang dapat mengakses suatu bagian dalam situs.\";s:2:\"it\";s:78:\"Controlla che tipo di utenti posssono accedere a determinate sezioni del sito.\";s:2:\"lt\";s:72:\"Kontroliuokite kokio tipo varotojai kokią dalį puslapio gali pasiekti.\";s:2:\"nl\";s:71:\"Bepaal welke typen gebruikers toegang hebben tot gedeeltes van de site.\";s:2:\"pl\";s:79:\"Ustaw, którzy użytkownicy mogą mieć dostęp do odpowiednich sekcji witryny.\";s:2:\"ru\";s:209:\"Управление правами доступа, ограничение доступа определённых групп пользователей к произвольным разделам сайта.\";s:2:\"sl\";s:85:\"Uredite dovoljenja kateri tip uporabnika lahko vidi določena področja vaše strani.\";s:2:\"zh\";s:81:\"用來控制不同類別的用戶，設定其瀏覽特定網站內容的權限。\";s:2:\"hu\";s:129:\"A felhasználók felügyelet alatt tartására, hogy milyen típusú felhasználók, mit láthatnak, mely szakaszain az oldalnak.\";s:2:\"th\";s:117:\"ควบคุมว่าผู้ใช้งานจะเห็นหมวดหมู่ไหนบ้าง\";s:2:\"se\";s:27:\"Hantera gruppbehörigheter.\";}',0,0,1,'users',1,1,1,1368288858),(12,'a:21:{s:2:\"en\";s:9:\"Redirects\";s:2:\"ar\";s:18:\"التوجيهات\";s:2:\"br\";s:17:\"Redirecionamentos\";s:2:\"pt\";s:17:\"Redirecionamentos\";s:2:\"cs\";s:16:\"Přesměrování\";s:2:\"da\";s:13:\"Omadressering\";s:2:\"el\";s:30:\"Ανακατευθύνσεις\";s:2:\"es\";s:13:\"Redirecciones\";s:2:\"fi\";s:18:\"Uudelleenohjaukset\";s:2:\"fr\";s:12:\"Redirections\";s:2:\"he\";s:12:\"הפניות\";s:2:\"id\";s:8:\"Redirect\";s:2:\"it\";s:11:\"Reindirizzi\";s:2:\"lt\";s:14:\"Peradresavimai\";s:2:\"nl\";s:12:\"Verwijzingen\";s:2:\"ru\";s:30:\"Перенаправления\";s:2:\"sl\";s:12:\"Preusmeritve\";s:2:\"zh\";s:6:\"轉址\";s:2:\"hu\";s:17:\"Átirányítások\";s:2:\"th\";s:42:\"เปลี่ยนเส้นทาง\";s:2:\"se\";s:14:\"Omdirigeringar\";}','redirects','1.0',NULL,'a:21:{s:2:\"en\";s:33:\"Redirect from one URL to another.\";s:2:\"ar\";s:47:\"التوجيه من رابط URL إلى آخر.\";s:2:\"br\";s:39:\"Redirecionamento de uma URL para outra.\";s:2:\"pt\";s:40:\"Redirecionamentos de uma URL para outra.\";s:2:\"cs\";s:43:\"Přesměrujte z jedné adresy URL na jinou.\";s:2:\"da\";s:35:\"Omadresser fra en URL til en anden.\";s:2:\"el\";s:81:\"Ανακατευθείνετε μια διεύθυνση URL σε μια άλλη\";s:2:\"es\";s:34:\"Redireccionar desde una URL a otra\";s:2:\"fi\";s:45:\"Uudelleenohjaa käyttäjän paikasta toiseen.\";s:2:\"fr\";s:34:\"Redirection d\'une URL à un autre.\";s:2:\"he\";s:43:\"הפניות מכתובת אחת לאחרת\";s:2:\"id\";s:40:\"Redirect dari satu URL ke URL yang lain.\";s:2:\"it\";s:35:\"Reindirizza da una URL ad un altra.\";s:2:\"lt\";s:56:\"Peradresuokite puslapį iš vieno adreso (URL) į kitą.\";s:2:\"nl\";s:38:\"Verwijs vanaf een URL naar een andere.\";s:2:\"ru\";s:78:\"Перенаправления с одного адреса на другой.\";s:2:\"sl\";s:44:\"Preusmeritev iz enega URL naslova na drugega\";s:2:\"zh\";s:33:\"將網址轉址、重新定向。\";s:2:\"hu\";s:38:\"Egy URL átirányítása egy másikra.\";s:2:\"th\";s:123:\"เปลี่ยนเส้นทางจากที่หนึ่งไปยังอีกที่หนึ่ง\";s:2:\"se\";s:38:\"Omdirigera från en URL till en annan.\";}',0,0,1,'utilities',1,1,1,1368288858),(13,'a:23:{s:2:\"en\";s:8:\"Settings\";s:2:\"ar\";s:18:\"الإعدادات\";s:2:\"br\";s:15:\"Configurações\";s:2:\"pt\";s:15:\"Configurações\";s:2:\"cs\";s:10:\"Nastavení\";s:2:\"da\";s:13:\"Indstillinger\";s:2:\"de\";s:13:\"Einstellungen\";s:2:\"el\";s:18:\"Ρυθμίσεις\";s:2:\"es\";s:15:\"Configuraciones\";s:2:\"fi\";s:9:\"Asetukset\";s:2:\"fr\";s:11:\"Paramètres\";s:2:\"he\";s:12:\"הגדרות\";s:2:\"id\";s:10:\"Pengaturan\";s:2:\"it\";s:12:\"Impostazioni\";s:2:\"lt\";s:10:\"Nustatymai\";s:2:\"nl\";s:12:\"Instellingen\";s:2:\"pl\";s:10:\"Ustawienia\";s:2:\"ru\";s:18:\"Настройки\";s:2:\"sl\";s:10:\"Nastavitve\";s:2:\"zh\";s:12:\"網站設定\";s:2:\"hu\";s:14:\"Beállítások\";s:2:\"th\";s:21:\"ตั้งค่า\";s:2:\"se\";s:14:\"Inställningar\";}','settings','1.0',NULL,'a:23:{s:2:\"en\";s:89:\"Allows administrators to update settings like Site Name, messages and email address, etc.\";s:2:\"ar\";s:161:\"تمكن المدراء من تحديث الإعدادات كإسم الموقع، والرسائل وعناوين البريد الإلكتروني، .. إلخ.\";s:2:\"br\";s:120:\"Permite com que administradores e a equipe consigam trocar as configurações do website incluindo o nome e descrição.\";s:2:\"pt\";s:113:\"Permite com que os administradores consigam alterar as configurações do website incluindo o nome e descrição.\";s:2:\"cs\";s:102:\"Umožňuje administrátorům měnit nastavení webu jako jeho jméno, zprávy a emailovou adresu apod.\";s:2:\"da\";s:90:\"Lader administratorer opdatere indstillinger som sidenavn, beskeder og email adresse, etc.\";s:2:\"de\";s:92:\"Erlaubt es Administratoren die Einstellungen der Seite wie Name und Beschreibung zu ändern.\";s:2:\"el\";s:230:\"Επιτρέπει στους διαχειριστές να τροποποιήσουν ρυθμίσεις όπως το Όνομα του Ιστοτόπου, τα μηνύματα και τις διευθύνσεις email, κ.α.\";s:2:\"es\";s:131:\"Permite a los administradores y al personal configurar los detalles del sitio como el nombre del sitio y la descripción del mismo.\";s:2:\"fi\";s:105:\"Mahdollistaa sivuston asetusten muokkaamisen, kuten sivuston nimen, viestit ja sähköpostiosoitteet yms.\";s:2:\"fr\";s:105:\"Permet aux admistrateurs et au personnel de modifier les paramètres du site : nom du site et description\";s:2:\"he\";s:116:\"ניהול הגדרות שונות של האתר כגון: שם האתר, הודעות, כתובות דואר וכו\";s:2:\"id\";s:112:\"Memungkinkan administrator untuk dapat memperbaharui pengaturan seperti nama situs, pesan dan alamat email, dsb.\";s:2:\"it\";s:109:\"Permette agli amministratori di aggiornare impostazioni quali Nome del Sito, messaggi e indirizzo email, etc.\";s:2:\"lt\";s:104:\"Leidžia administratoriams keisti puslapio vavadinimą, žinutes, administratoriaus el. pašta ir kitą.\";s:2:\"nl\";s:114:\"Maakt het administratoren en medewerkers mogelijk om websiteinstellingen zoals naam en beschrijving te veranderen.\";s:2:\"pl\";s:103:\"Umożliwia administratorom zmianę ustawień strony jak nazwa strony, opis, e-mail administratora, itd.\";s:2:\"ru\";s:135:\"Управление настройками сайта - Имя сайта, сообщения, почтовые адреса и т.п.\";s:2:\"sl\";s:98:\"Dovoljuje administratorjem posodobitev nastavitev kot je Ime strani, sporočil, email naslova itd.\";s:2:\"zh\";s:99:\"網站管理者可更新的重要網站設定。例如：網站名稱、訊息、電子郵件等。\";s:2:\"hu\";s:125:\"Lehetővé teszi az adminok számára a beállítások frissítését, mint a weboldal neve, üzenetek, e-mail címek, stb...\";s:2:\"th\";s:232:\"ให้ผู้ดูแลระบบสามารถปรับปรุงการตั้งค่าเช่นชื่อเว็บไซต์ ข้อความและอีเมล์เป็นต้น\";s:2:\"se\";s:84:\"Administratören kan uppdatera webbplatsens titel, meddelanden och E-postadress etc.\";}',1,0,1,'0',1,1,1,1368288858),(14,'a:18:{s:2:\"en\";s:7:\"Sitemap\";s:2:\"ar\";s:23:\"خريطة الموقع\";s:2:\"br\";s:12:\"Mapa do Site\";s:2:\"pt\";s:12:\"Mapa do Site\";s:2:\"de\";s:7:\"Sitemap\";s:2:\"el\";s:31:\"Χάρτης Ιστότοπου\";s:2:\"es\";s:14:\"Mapa del Sitio\";s:2:\"fi\";s:10:\"Sivukartta\";s:2:\"fr\";s:12:\"Plan du site\";s:2:\"id\";s:10:\"Peta Situs\";s:2:\"it\";s:14:\"Mappa del sito\";s:2:\"lt\";s:16:\"Svetainės medis\";s:2:\"nl\";s:7:\"Sitemap\";s:2:\"ru\";s:21:\"Карта сайта\";s:2:\"zh\";s:12:\"網站地圖\";s:2:\"th\";s:21:\"ไซต์แมพ\";s:2:\"hu\";s:13:\"Oldaltérkép\";s:2:\"se\";s:9:\"Sajtkarta\";}','sitemap','1.2',NULL,'a:19:{s:2:\"en\";s:87:\"The sitemap module creates an index of all pages and an XML sitemap for search engines.\";s:2:\"ar\";s:120:\"وحدة خريطة الموقع تنشئ فهرساً لجميع الصفحات وملف XML لمحركات البحث.\";s:2:\"br\";s:102:\"O módulo de mapa do site cria um índice de todas as páginas e um sitemap XML para motores de busca.\";s:2:\"pt\";s:102:\"O módulo do mapa do site cria um índice de todas as páginas e um sitemap XML para motores de busca.\";s:2:\"da\";s:86:\"Sitemapmodulet opretter et indeks over alle sider og et XML sitemap til søgemaskiner.\";s:2:\"de\";s:92:\"Die Sitemap Modul erstellt einen Index aller Seiten und eine XML-Sitemap für Suchmaschinen.\";s:2:\"el\";s:190:\"Δημιουργεί έναν κατάλογο όλων των σελίδων και έναν χάρτη σελίδων σε μορφή XML για τις μηχανές αναζήτησης.\";s:2:\"es\";s:111:\"El módulo de mapa crea un índice de todas las páginas y un mapa del sitio XML para los motores de búsqueda.\";s:2:\"fi\";s:82:\"sivukartta moduuli luo hakemisto kaikista sivuista ja XML sivukartta hakukoneille.\";s:2:\"fr\";s:106:\"Le module sitemap crée un index de toutes les pages et un plan de site XML pour les moteurs de recherche.\";s:2:\"id\";s:110:\"Modul peta situs ini membuat indeks dari setiap halaman dan sebuah format XML untuk mempermudah mesin pencari.\";s:2:\"it\";s:104:\"Il modulo mappa del sito crea un indice di tutte le pagine e una sitemap in XML per i motori di ricerca.\";s:2:\"lt\";s:86:\"struktūra modulis sukuria visų puslapių ir XML Sitemap paieškos sistemų indeksas.\";s:2:\"nl\";s:89:\"De sitemap module maakt een index van alle pagina\'s en een XML sitemap voor zoekmachines.\";s:2:\"ru\";s:144:\"Карта модуль создает индекс всех страниц и карта сайта XML для поисковых систем.\";s:2:\"zh\";s:84:\"站點地圖模塊創建一個索引的所有網頁和XML網站地圖搜索引擎。\";s:2:\"th\";s:202:\"โมดูลไซต์แมพสามารถสร้างดัชนีของหน้าเว็บทั้งหมดสำหรับเครื่องมือค้นหา.\";s:2:\"hu\";s:94:\"Ez a modul indexeli az összes oldalt és egy XML oldaltéképet generál a keresőmotoroknak.\";s:2:\"se\";s:86:\"Sajtkarta, modulen skapar ett index av alla sidor och en XML-sitemap för sökmotorer.\";}',0,1,0,'content',1,1,1,1368288858),(15,'a:5:{s:2:\"en\";s:12:\"Streams Core\";s:2:\"pt\";s:14:\"Núcleo Fluxos\";s:2:\"fr\";s:10:\"Noyau Flux\";s:2:\"el\";s:23:\"Πυρήνας Ροών\";s:2:\"se\";s:18:\"Streams grundmodul\";}','streams_core','1.0.0',NULL,'a:5:{s:2:\"en\";s:29:\"Core data module for streams.\";s:2:\"pt\";s:37:\"Módulo central de dados para fluxos.\";s:2:\"fr\";s:32:\"Noyau de données pour les Flux.\";s:2:\"el\";s:113:\"Προγραμματιστικός πυρήνας για την λειτουργία ροών δεδομένων.\";s:2:\"se\";s:50:\"Streams grundmodul för enklare hantering av data.\";}',1,0,0,'0',1,1,1,1368288858),(16,'a:19:{s:2:\"en\";s:15:\"Email Templates\";s:2:\"ar\";s:48:\"قوالب الرسائل الإلكترونية\";s:2:\"br\";s:17:\"Modelos de e-mail\";s:2:\"pt\";s:17:\"Modelos de e-mail\";s:2:\"da\";s:16:\"Email skabeloner\";s:2:\"el\";s:22:\"Δυναμικά email\";s:2:\"es\";s:19:\"Plantillas de email\";s:2:\"fr\";s:17:\"Modèles d\'emails\";s:2:\"he\";s:12:\"תבניות\";s:2:\"id\";s:14:\"Template Email\";s:2:\"lt\";s:22:\"El. laiškų šablonai\";s:2:\"nl\";s:15:\"Email sjablonen\";s:2:\"ru\";s:25:\"Шаблоны почты\";s:2:\"sl\";s:14:\"Email predloge\";s:2:\"zh\";s:12:\"郵件範本\";s:2:\"hu\";s:15:\"E-mail sablonok\";s:2:\"fi\";s:25:\"Sähköposti viestipohjat\";s:2:\"th\";s:33:\"แม่แบบอีเมล\";s:2:\"se\";s:12:\"E-postmallar\";}','templates','1.1.0',NULL,'a:19:{s:2:\"en\";s:46:\"Create, edit, and save dynamic email templates\";s:2:\"ar\";s:97:\"أنشئ، عدّل واحفظ قوالب البريد الإلكترني الديناميكية.\";s:2:\"br\";s:51:\"Criar, editar e salvar modelos de e-mail dinâmicos\";s:2:\"pt\";s:51:\"Criar, editar e salvar modelos de e-mail dinâmicos\";s:2:\"da\";s:49:\"Opret, redigér og gem dynamiske emailskabeloner.\";s:2:\"el\";s:108:\"Δημιουργήστε, επεξεργαστείτε και αποθηκεύστε δυναμικά email.\";s:2:\"es\";s:54:\"Crear, editar y guardar plantillas de email dinámicas\";s:2:\"fr\";s:61:\"Créer, éditer et sauver dynamiquement des modèles d\'emails\";s:2:\"he\";s:54:\"ניהול של תבניות דואר אלקטרוני\";s:2:\"id\";s:55:\"Membuat, mengedit, dan menyimpan template email dinamis\";s:2:\"lt\";s:58:\"Kurk, tvarkyk ir saugok dinaminius el. laiškų šablonus.\";s:2:\"nl\";s:49:\"Maak, bewerk, en beheer dynamische emailsjablonen\";s:2:\"ru\";s:127:\"Создавайте, редактируйте и сохраняйте динамические почтовые шаблоны\";s:2:\"sl\";s:52:\"Ustvari, uredi in shrani spremenljive email predloge\";s:2:\"zh\";s:61:\"新增、編輯與儲存可顯示動態資料的 email 範本\";s:2:\"hu\";s:63:\"Csináld, szerkeszd és mentsd el a dinamikus e-mail sablonokat\";s:2:\"fi\";s:66:\"Lisää, muokkaa ja tallenna dynaamisia sähköposti viestipohjia.\";s:2:\"th\";s:129:\"การสร้างแก้ไขและบันทึกแม่แบบอีเมลแบบไดนามิก\";s:2:\"se\";s:49:\"Skapa, redigera och spara dynamiska E-postmallar.\";}',1,0,1,'design',1,1,1,1368288858),(17,'a:23:{s:2:\"en\";s:6:\"Themes\";s:2:\"ar\";s:14:\"السّمات\";s:2:\"br\";s:5:\"Temas\";s:2:\"pt\";s:5:\"Temas\";s:2:\"cs\";s:14:\"Motivy vzhledu\";s:2:\"da\";s:6:\"Temaer\";s:2:\"de\";s:6:\"Themen\";s:2:\"el\";s:31:\"Θέματα Εμφάνισης\";s:2:\"es\";s:5:\"Temas\";s:2:\"fi\";s:6:\"Teemat\";s:2:\"fr\";s:7:\"Thèmes\";s:2:\"he\";s:23:\"ערכות נושאים\";s:2:\"id\";s:4:\"Tema\";s:2:\"it\";s:4:\"Temi\";s:2:\"lt\";s:5:\"Temos\";s:2:\"nl\";s:7:\"Thema\'s\";s:2:\"pl\";s:6:\"Motywy\";s:2:\"ru\";s:8:\"Темы\";s:2:\"sl\";s:8:\"Predloge\";s:2:\"zh\";s:12:\"佈景主題\";s:2:\"hu\";s:8:\"Sablonok\";s:2:\"th\";s:9:\"ธีม\";s:2:\"se\";s:5:\"Teman\";}','themes','1.0',NULL,'a:23:{s:2:\"en\";s:86:\"Allows admins and staff to switch themes, upload new themes, and manage theme options.\";s:2:\"ar\";s:170:\"تمكّن الإدارة وأعضاء الموقع تغيير سِمة الموقع، وتحميل سمات جديدة وإدارتها بطريقة مرئية سلسة.\";s:2:\"br\";s:125:\"Permite aos administradores e membros da equipe fazer upload de novos temas e gerenciá-los através de uma interface visual.\";s:2:\"pt\";s:100:\"Permite aos administradores fazer upload de novos temas e geri-los através de uma interface visual.\";s:2:\"cs\";s:106:\"Umožňuje administrátorům a dalším osobám měnit vzhled webu, nahrávat nové motivy a spravovat je.\";s:2:\"da\";s:108:\"Lader administratore ændre websidens tema, uploade nye temaer og håndtére dem med en mere visual tilgang.\";s:2:\"de\";s:121:\"Ermöglicht es dem Administrator das Seiten Thema auszuwählen, neue Themen hochzulanden oder diese visuell zu verwalten.\";s:2:\"el\";s:222:\"Επιτρέπει στους διαχειριστές να αλλάξουν το θέμα προβολής του ιστοτόπου να ανεβάσουν νέα θέματα και να τα διαχειριστούν.\";s:2:\"es\";s:132:\"Permite a los administradores y miembros del personal cambiar el tema del sitio web, subir nuevos temas y manejar los ya existentes.\";s:2:\"fi\";s:129:\"Mahdollistaa sivuston teeman vaihtamisen, uusien teemojen lataamisen ja niiden hallinnoinnin visuaalisella käyttöliittymällä.\";s:2:\"fr\";s:144:\"Permet aux administrateurs et au personnel de modifier le thème du site, de charger de nouveaux thèmes et de le gérer de façon plus visuelle\";s:2:\"he\";s:63:\"ניהול של ערכות נושאים שונות - עיצוב\";s:2:\"id\";s:104:\"Memungkinkan admin dan staff untuk mengubah tema tampilan, mengupload tema baru, dan mengatur opsi tema.\";s:2:\"it\";s:120:\"Permette ad amministratori e staff di cambiare il tema del sito, carica nuovi temi e gestiscili in um modo più visuale.\";s:2:\"lt\";s:105:\"Leidžiama administratoriams ir personalui keisti puslapio temą, įkraunant naują temą ir valdyti ją.\";s:2:\"nl\";s:153:\"Maakt het voor administratoren en medewerkers mogelijk om het thema van de website te wijzigen, nieuwe thema&apos;s te uploaden en ze visueel te beheren.\";s:2:\"pl\";s:100:\"Umożliwia administratorowi zmianę motywu strony, wgrywanie nowych motywów oraz zarządzanie nimi.\";s:2:\"ru\";s:102:\"Управление темами оформления сайта, загрузка новых тем.\";s:2:\"sl\";s:133:\"Dovoljuje adminom in osebju spremembo izgleda spletne strani, namestitev novega izgleda in urejanja le tega v bolj vizualnem pristopu\";s:2:\"zh\";s:108:\"讓管理者可以更改網站顯示風貌，以視覺化的操作上傳並管理這些網站佈景主題。\";s:2:\"th\";s:219:\"ช่วยให้ผู้ดูแลระบบสามารถอัปโหลดรูปแบบใหม่และการจัดการตัวเลือกชุดรูปแบบได้\";s:2:\"hu\";s:107:\"Az adminok megváltoztathatják az oldal kinézetét, feltölthetnek új kinézeteket és kezelhetik őket.\";s:2:\"se\";s:94:\"Hantera webbplatsens utseende genom teman, ladda upp nya teman och hantera temainställningar.\";}',0,0,1,'design',1,1,1,1368288858),(18,'a:23:{s:2:\"en\";s:5:\"Users\";s:2:\"ar\";s:20:\"المستخدمون\";s:2:\"br\";s:9:\"Usuários\";s:2:\"pt\";s:12:\"Utilizadores\";s:2:\"cs\";s:11:\"Uživatelé\";s:2:\"da\";s:7:\"Brugere\";s:2:\"de\";s:8:\"Benutzer\";s:2:\"el\";s:14:\"Χρήστες\";s:2:\"es\";s:8:\"Usuarios\";s:2:\"fi\";s:12:\"Käyttäjät\";s:2:\"fr\";s:12:\"Utilisateurs\";s:2:\"he\";s:14:\"משתמשים\";s:2:\"id\";s:8:\"Pengguna\";s:2:\"it\";s:6:\"Utenti\";s:2:\"lt\";s:10:\"Vartotojai\";s:2:\"nl\";s:10:\"Gebruikers\";s:2:\"pl\";s:12:\"Użytkownicy\";s:2:\"ru\";s:24:\"Пользователи\";s:2:\"sl\";s:10:\"Uporabniki\";s:2:\"zh\";s:6:\"用戶\";s:2:\"hu\";s:14:\"Felhasználók\";s:2:\"th\";s:27:\"ผู้ใช้งาน\";s:2:\"se\";s:10:\"Användare\";}','users','0.9',NULL,'a:23:{s:2:\"en\";s:81:\"Let users register and log in to the site, and manage them via the control panel.\";s:2:\"ar\";s:133:\"تمكين المستخدمين من التسجيل والدخول إلى الموقع، وإدارتهم من لوحة التحكم.\";s:2:\"br\";s:125:\"Permite com que usuários se registrem e entrem no site e também que eles sejam gerenciáveis apartir do painel de controle.\";s:2:\"pt\";s:125:\"Permite com que os utilizadores se registem e entrem no site e também que eles sejam geriveis apartir do painel de controlo.\";s:2:\"cs\";s:103:\"Umožňuje uživatelům se registrovat a přihlašovat a zároveň jejich správu v Kontrolním panelu.\";s:2:\"da\";s:89:\"Lader brugere registrere sig og logge ind på sitet, og håndtér dem via kontrolpanelet.\";s:2:\"de\";s:108:\"Erlaube Benutzern das Registrieren und Einloggen auf der Seite und verwalte sie über die Admin-Oberfläche.\";s:2:\"el\";s:208:\"Παρέχει λειτουργίες εγγραφής και σύνδεσης στους επισκέπτες. Επίσης από εδώ γίνεται η διαχείριση των λογαριασμών.\";s:2:\"es\";s:138:\"Permite el registro de nuevos usuarios quienes podrán loguearse en el sitio. Estos podrán controlarse desde el panel de administración.\";s:2:\"fi\";s:126:\"Antaa käyttäjien rekisteröityä ja kirjautua sisään sivustolle sekä mahdollistaa niiden muokkaamisen hallintapaneelista.\";s:2:\"fr\";s:112:\"Permet aux utilisateurs de s\'enregistrer et de se connecter au site et de les gérer via le panneau de contrôle\";s:2:\"he\";s:62:\"ניהול משתמשים: רישום, הפעלה ומחיקה\";s:2:\"id\";s:102:\"Memungkinkan pengguna untuk mendaftar dan masuk ke dalam situs, dan mengaturnya melalui control panel.\";s:2:\"it\";s:95:\"Fai iscrivere de entrare nel sito gli utenti, e gestiscili attraverso il pannello di controllo.\";s:2:\"lt\";s:106:\"Leidžia vartotojams registruotis ir prisijungti prie puslapio, ir valdyti juos per administravimo panele.\";s:2:\"nl\";s:88:\"Laat gebruikers registreren en inloggen op de site, en beheer ze via het controlepaneel.\";s:2:\"pl\";s:87:\"Pozwól użytkownikom na logowanie się na stronie i zarządzaj nimi za pomocą panelu.\";s:2:\"ru\";s:155:\"Управление зарегистрированными пользователями, активирование новых пользователей.\";s:2:\"sl\";s:96:\"Dovoli uporabnikom za registracijo in prijavo na strani, urejanje le teh preko nadzorne plošče\";s:2:\"zh\";s:87:\"讓用戶可以註冊並登入網站，並且管理者可在控制台內進行管理。\";s:2:\"th\";s:210:\"ให้ผู้ใช้ลงทะเบียนและเข้าสู่เว็บไซต์และจัดการกับพวกเขาผ่านทางแผงควบคุม\";s:2:\"hu\";s:120:\"Hogy a felhasználók tudjanak az oldalra regisztrálni és belépni, valamint lehessen őket kezelni a vezérlőpulton.\";s:2:\"se\";s:111:\"Låt dina besökare registrera sig och logga in på webbplatsen. Hantera sedan användarna via kontrollpanelen.\";}',0,0,1,'0',1,1,1,1368288858),(19,'a:23:{s:2:\"en\";s:9:\"Variables\";s:2:\"ar\";s:20:\"المتغيّرات\";s:2:\"br\";s:10:\"Variáveis\";s:2:\"pt\";s:10:\"Variáveis\";s:2:\"cs\";s:10:\"Proměnné\";s:2:\"da\";s:8:\"Variable\";s:2:\"de\";s:9:\"Variablen\";s:2:\"el\";s:20:\"Μεταβλητές\";s:2:\"es\";s:9:\"Variables\";s:2:\"fi\";s:9:\"Muuttujat\";s:2:\"fr\";s:9:\"Variables\";s:2:\"he\";s:12:\"משתנים\";s:2:\"id\";s:8:\"Variabel\";s:2:\"it\";s:9:\"Variabili\";s:2:\"lt\";s:10:\"Kintamieji\";s:2:\"nl\";s:10:\"Variabelen\";s:2:\"pl\";s:7:\"Zmienne\";s:2:\"ru\";s:20:\"Переменные\";s:2:\"sl\";s:13:\"Spremenljivke\";s:2:\"zh\";s:12:\"系統變數\";s:2:\"hu\";s:10:\"Változók\";s:2:\"th\";s:18:\"ตัวแปร\";s:2:\"se\";s:9:\"Variabler\";}','variables','0.4',NULL,'a:23:{s:2:\"en\";s:59:\"Manage global variables that can be accessed from anywhere.\";s:2:\"ar\";s:97:\"إدارة المُتغيّرات العامة لاستخدامها في أرجاء الموقع.\";s:2:\"br\";s:61:\"Gerencia as variáveis globais acessíveis de qualquer lugar.\";s:2:\"pt\";s:58:\"Gerir as variáveis globais acessíveis de qualquer lugar.\";s:2:\"cs\";s:56:\"Spravujte globální proměnné přístupné odkudkoliv.\";s:2:\"da\";s:51:\"Håndtér globale variable som kan tilgås overalt.\";s:2:\"de\";s:74:\"Verwaltet globale Variablen, auf die von überall zugegriffen werden kann.\";s:2:\"el\";s:129:\"Διαχείριση μεταβλητών που είναι προσβάσιμες από παντού στον ιστότοπο.\";s:2:\"es\";s:50:\"Manage global variables to access from everywhere.\";s:2:\"fi\";s:66:\"Hallitse globaali muuttujia, joihin pääsee käsiksi mistä vain.\";s:2:\"fr\";s:50:\"Manage global variables to access from everywhere.\";s:2:\"he\";s:96:\"ניהול משתנים גלובליים אשר ניתנים להמרה בכל חלקי האתר\";s:2:\"id\";s:59:\"Mengatur variabel global yang dapat diakses dari mana saja.\";s:2:\"it\";s:58:\"Gestisci le variabili globali per accedervi da ogni parte.\";s:2:\"lt\";s:64:\"Globalių kintamujų tvarkymas kurie yra pasiekiami iš bet kur.\";s:2:\"nl\";s:54:\"Beheer globale variabelen die overal beschikbaar zijn.\";s:2:\"pl\";s:86:\"Zarządzaj globalnymi zmiennymi do których masz dostęp z każdego miejsca aplikacji.\";s:2:\"ru\";s:136:\"Управление глобальными переменными, которые доступны в любом месте сайта.\";s:2:\"sl\";s:53:\"Urejanje globalnih spremenljivk za dostop od kjerkoli\";s:2:\"th\";s:148:\"จัดการตัวแปรทั่วไปโดยที่สามารถเข้าถึงได้จากทุกที่.\";s:2:\"zh\";s:45:\"管理此網站內可存取的全局變數。\";s:2:\"hu\";s:62:\"Globális változók kezelése a hozzáféréshez, bárhonnan.\";s:2:\"se\";s:66:\"Hantera globala variabler som kan avändas över hela webbplatsen.\";}',0,0,1,'content',1,1,1,1368288858),(20,'a:20:{s:2:\"en\";s:7:\"Widgets\";s:2:\"ar\";s:12:\"الودجت\";s:2:\"br\";s:7:\"Widgets\";s:2:\"pt\";s:7:\"Widgets\";s:2:\"cs\";s:7:\"Widgety\";s:2:\"de\";s:7:\"Widgets\";s:2:\"el\";s:7:\"Widgets\";s:2:\"es\";s:7:\"Widgets\";s:2:\"fi\";s:8:\"Widgetit\";s:2:\"fr\";s:7:\"Widgets\";s:2:\"id\";s:6:\"Widget\";s:2:\"it\";s:7:\"Widgets\";s:2:\"lt\";s:11:\"Papildiniai\";s:2:\"nl\";s:7:\"Widgets\";s:2:\"ru\";s:14:\"Виджеты\";s:2:\"sl\";s:9:\"Vtičniki\";s:2:\"zh\";s:9:\"小組件\";s:2:\"hu\";s:9:\"Widget-ek\";s:2:\"th\";s:21:\"วิดเจ็ต\";s:2:\"se\";s:8:\"Widgetar\";}','widgets','1.1',NULL,'a:21:{s:2:\"en\";s:69:\"Manage small sections of self-contained logic in blocks or \"Widgets\".\";s:2:\"ar\";s:138:\"إدارة أقسام صغيرة من البرمجيات في مساحات الموقع أو ما يُسمّى بالـ\"وِدْجِتْ\".\";s:2:\"br\";s:77:\"Gerenciar pequenas seções de conteúdos em bloco conhecidos como \"Widgets\".\";s:2:\"pt\";s:74:\"Gerir pequenas secções de conteúdos em bloco conhecidos como \"Widgets\".\";s:2:\"cs\";s:56:\"Spravujte malé funkční části webu neboli \"Widgety\".\";s:2:\"da\";s:74:\"Håndter små sektioner af selv-opretholdt logik i blokke eller \"Widgets\".\";s:2:\"de\";s:62:\"Verwaltet kleine, eigentständige Bereiche, genannt \"Widgets\".\";s:2:\"el\";s:149:\"Διαχείριση μικρών τμημάτων αυτόνομης προγραμματιστικής λογικής σε πεδία ή \"Widgets\".\";s:2:\"es\";s:75:\"Manejar pequeñas secciones de lógica autocontenida en bloques o \"Widgets\"\";s:2:\"fi\";s:83:\"Hallitse pieniä osioita, jotka sisältävät erillisiä lohkoja tai \"Widgettejä\".\";s:2:\"fr\";s:41:\"Gérer des mini application ou \"Widgets\".\";s:2:\"id\";s:101:\"Mengatur bagian-bagian kecil dari blok-blok yang memuat sesuatu atau dikenal dengan istilah \"Widget\".\";s:2:\"it\";s:70:\"Gestisci piccole sezioni di logica a se stante in blocchi o \"Widgets\".\";s:2:\"lt\";s:43:\"Nedidelių, savarankiškų blokų valdymas.\";s:2:\"nl\";s:75:\"Beheer kleine onderdelen die zelfstandige logica bevatten, ofwel \"Widgets\".\";s:2:\"ru\";s:91:\"Управление небольшими, самостоятельными блоками.\";s:2:\"sl\";s:61:\"Urejanje manjših delov blokov strani ti. Vtičniki (Widgets)\";s:2:\"zh\";s:103:\"可將小段的程式碼透過小組件來管理。即所謂 \"Widgets\"，或稱為小工具、部件。\";s:2:\"hu\";s:56:\"Önálló kis logikai tömbök vagy widget-ek kezelése.\";s:2:\"th\";s:152:\"จัดการส่วนเล็ก ๆ ในรูปแบบของตัวเองในบล็อกหรือวิดเจ็ต\";s:2:\"se\";s:83:\"Hantera små sektioner med egen logik och innehåll på olika delar av webbplatsen.\";}',1,0,1,'content',1,1,1,1368288858),(21,'a:3:{s:2:\"en\";s:7:\"WYSIWYG\";s:2:\"pt\";s:7:\"WYSIWYG\";s:2:\"se\";s:15:\"HTML-redigerare\";}','wysiwyg','1.0',NULL,'a:4:{s:2:\"en\";s:60:\"Provides the WYSIWYG editor for PyroCMS powered by CKEditor.\";s:2:\"pt\";s:61:\"Fornece o editor WYSIWYG para o PyroCMS, powered by CKEditor.\";s:2:\"el\";s:113:\"Παρέχει τον επεξεργαστή WYSIWYG για το PyroCMS, χρησιμοποιεί το CKEDitor.\";s:2:\"se\";s:37:\"Redigeringsmodul för HTML, CKEditor.\";}',0,0,0,'0',1,1,1,1368288858),(22,'a:1:{s:2:\"en\";s:18:\"Contractors System\";}','contractors','1.0',NULL,'a:1:{s:2:\"en\";s:136:\"This system allows GPSI Contractors to estimate their next payment, as well as to provide a back-end to add and modify contractors info.\";}',0,1,1,'content',0,0,0,1361803967),(26,'a:1:{s:2:\"en\";s:11:\"Tour System\";}','tour','1.0',NULL,'a:1:{s:2:\"en\";s:24:\"Tour System for Ongoasia\";}',0,1,1,'Tour',1,1,0,1368289882);

/*Table structure for table `default_navigation_groups` */

DROP TABLE IF EXISTS `default_navigation_groups`;

CREATE TABLE `default_navigation_groups` (
  `id` int(11) NOT NULL AUTO_INCREMENT,
  `title` varchar(50) COLLATE utf8_unicode_ci NOT NULL,
  `abbrev` varchar(50) COLLATE utf8_unicode_ci NOT NULL,
  PRIMARY KEY (`id`),
  KEY `abbrev` (`abbrev`)
) ENGINE=InnoDB AUTO_INCREMENT=4 DEFAULT CHARSET=utf8 COLLATE=utf8_unicode_ci;

/*Data for the table `default_navigation_groups` */

insert  into `default_navigation_groups`(`id`,`title`,`abbrev`) values (1,'Header','header'),(2,'Sidebar','sidebar'),(3,'Footer','footer');

/*Table structure for table `default_navigation_links` */

DROP TABLE IF EXISTS `default_navigation_links`;

CREATE TABLE `default_navigation_links` (
  `id` int(11) NOT NULL AUTO_INCREMENT,
  `title` varchar(100) COLLATE utf8_unicode_ci NOT NULL DEFAULT '',
  `parent` int(11) DEFAULT NULL,
  `link_type` varchar(20) COLLATE utf8_unicode_ci NOT NULL DEFAULT 'uri',
  `page_id` int(11) DEFAULT NULL,
  `module_name` varchar(50) COLLATE utf8_unicode_ci NOT NULL DEFAULT '',
  `url` varchar(255) COLLATE utf8_unicode_ci NOT NULL DEFAULT '',
  `uri` varchar(255) COLLATE utf8_unicode_ci NOT NULL DEFAULT '',
  `navigation_group_id` int(5) NOT NULL DEFAULT '0',
  `position` int(5) NOT NULL DEFAULT '0',
  `target` varchar(10) COLLATE utf8_unicode_ci DEFAULT NULL,
  `restricted_to` varchar(255) COLLATE utf8_unicode_ci DEFAULT NULL,
  `class` varchar(255) COLLATE utf8_unicode_ci NOT NULL DEFAULT '',
  PRIMARY KEY (`id`),
  KEY `navigation_group_id` (`navigation_group_id`)
) ENGINE=InnoDB AUTO_INCREMENT=4 DEFAULT CHARSET=utf8 COLLATE=utf8_unicode_ci;

/*Data for the table `default_navigation_links` */

insert  into `default_navigation_links`(`id`,`title`,`parent`,`link_type`,`page_id`,`module_name`,`url`,`uri`,`navigation_group_id`,`position`,`target`,`restricted_to`,`class`) values (1,'Home',NULL,'page',1,'','','',1,1,NULL,NULL,''),(2,'Blog',NULL,'module',NULL,'blog','','',1,2,NULL,NULL,''),(3,'Contact',NULL,'page',3,'','','',1,3,NULL,NULL,'');

/*Table structure for table `default_page_chunks` */

DROP TABLE IF EXISTS `default_page_chunks`;

CREATE TABLE `default_page_chunks` (
  `id` int(11) NOT NULL AUTO_INCREMENT,
  `slug` varchar(255) COLLATE utf8_unicode_ci NOT NULL,
  `class` varchar(255) COLLATE utf8_unicode_ci NOT NULL DEFAULT '',
  `page_id` int(11) NOT NULL,
  `body` text COLLATE utf8_unicode_ci NOT NULL,
  `parsed` text COLLATE utf8_unicode_ci,
  `type` set('html','markdown','wysiwyg-advanced','wysiwyg-simple') COLLATE utf8_unicode_ci NOT NULL,
  `sort` int(11) NOT NULL,
  PRIMARY KEY (`id`)
) ENGINE=InnoDB AUTO_INCREMENT=4 DEFAULT CHARSET=utf8 COLLATE=utf8_unicode_ci;

/*Data for the table `default_page_chunks` */

insert  into `default_page_chunks`(`id`,`slug`,`class`,`page_id`,`body`,`parsed`,`type`,`sort`) values (1,'default','',1,'<p>Welcome to our homepage. We have not quite finished setting up our website yet, but please add us to your bookmarks and come back soon.</p>','','wysiwyg-advanced',1),(2,'default','',2,'<p>We cannot find the page you are looking for, please click <a title=\"Home\" href=\"{{ pages:url id=\'1\' }}\">here</a> to go to the homepage.</p>','','html',1),(3,'default','',3,'<p>To contact us please fill out the form below.</p>\n					{{ contact:form name=\"text|required\" email=\"text|required|valid_email\" subject=\"dropdown|Support|Sales|Feedback|Other\" message=\"textarea\" attachment=\"file|zip\" }}\n						<div><label for=\"name\">Name:</label>{{ name }}</div>\n						<div><label for=\"email\">Email:</label>{{ email }}</div>\n						<div><label for=\"subject\">Subject:</label>{{ subject }}</div>\n						<div><label for=\"message\">Message:</label>{{ message }}</div>\n						<div><label for=\"attachment\">Attach  a zip file:</label>{{ attachment }}</div>\n					{{ /contact:form }}','','html',1);

/*Table structure for table `default_page_layouts` */

DROP TABLE IF EXISTS `default_page_layouts`;

CREATE TABLE `default_page_layouts` (
  `id` int(11) NOT NULL AUTO_INCREMENT,
  `title` varchar(60) COLLATE utf8_unicode_ci NOT NULL,
  `body` text COLLATE utf8_unicode_ci NOT NULL,
  `css` text COLLATE utf8_unicode_ci,
  `js` text COLLATE utf8_unicode_ci,
  `theme_layout` varchar(100) COLLATE utf8_unicode_ci NOT NULL DEFAULT 'default',
  `updated_on` int(11) NOT NULL,
  PRIMARY KEY (`id`)
) ENGINE=InnoDB AUTO_INCREMENT=2 DEFAULT CHARSET=utf8 COLLATE=utf8_unicode_ci;

/*Data for the table `default_page_layouts` */

insert  into `default_page_layouts`(`id`,`title`,`body`,`css`,`js`,`theme_layout`,`updated_on`) values (1,'Default','<h2>{{ page:title }}</h2>\r\n{{ page:body }}','','','default',1353209404);

/*Table structure for table `default_pages` */

DROP TABLE IF EXISTS `default_pages`;

CREATE TABLE `default_pages` (
  `id` int(11) NOT NULL AUTO_INCREMENT,
  `slug` varchar(255) COLLATE utf8_unicode_ci NOT NULL DEFAULT '',
  `class` varchar(255) COLLATE utf8_unicode_ci NOT NULL DEFAULT '',
  `title` varchar(255) COLLATE utf8_unicode_ci NOT NULL DEFAULT '',
  `uri` text COLLATE utf8_unicode_ci,
  `parent_id` int(11) NOT NULL DEFAULT '0',
  `revision_id` varchar(255) COLLATE utf8_unicode_ci NOT NULL DEFAULT '1',
  `layout_id` varchar(255) COLLATE utf8_unicode_ci NOT NULL,
  `css` text COLLATE utf8_unicode_ci,
  `js` text COLLATE utf8_unicode_ci,
  `meta_title` varchar(255) COLLATE utf8_unicode_ci DEFAULT NULL,
  `meta_keywords` char(32) COLLATE utf8_unicode_ci DEFAULT NULL,
  `meta_description` text COLLATE utf8_unicode_ci,
  `rss_enabled` int(1) NOT NULL DEFAULT '0',
  `comments_enabled` int(1) NOT NULL DEFAULT '0',
  `status` enum('draft','live') COLLATE utf8_unicode_ci NOT NULL DEFAULT 'draft',
  `created_on` int(11) NOT NULL DEFAULT '0',
  `updated_on` int(11) NOT NULL DEFAULT '0',
  `restricted_to` varchar(255) COLLATE utf8_unicode_ci DEFAULT NULL,
  `is_home` int(1) NOT NULL DEFAULT '0',
  `strict_uri` tinyint(1) NOT NULL DEFAULT '1',
  `order` int(11) NOT NULL DEFAULT '0',
  PRIMARY KEY (`id`),
  KEY `slug` (`slug`),
  KEY `parent_id` (`parent_id`)
) ENGINE=InnoDB AUTO_INCREMENT=4 DEFAULT CHARSET=utf8 COLLATE=utf8_unicode_ci;

/*Data for the table `default_pages` */

insert  into `default_pages`(`id`,`slug`,`class`,`title`,`uri`,`parent_id`,`revision_id`,`layout_id`,`css`,`js`,`meta_title`,`meta_keywords`,`meta_description`,`rss_enabled`,`comments_enabled`,`status`,`created_on`,`updated_on`,`restricted_to`,`is_home`,`strict_uri`,`order`) values (1,'home','','Home','home',0,'1','1',NULL,NULL,NULL,NULL,NULL,0,0,'live',1353209404,0,'',1,1,1353209404),(2,'404','','Page missing','404',0,'1','1',NULL,NULL,NULL,NULL,NULL,0,0,'live',1353209404,0,'',0,1,1353209404),(3,'contact','','Contact','contact',0,'1','1',NULL,NULL,NULL,NULL,NULL,0,0,'live',1353209404,0,'',0,1,1353209404);

/*Table structure for table `default_permissions` */

DROP TABLE IF EXISTS `default_permissions`;

CREATE TABLE `default_permissions` (
  `id` int(11) NOT NULL AUTO_INCREMENT,
  `group_id` int(11) NOT NULL,
  `module` varchar(50) COLLATE utf8_unicode_ci NOT NULL,
  `roles` text COLLATE utf8_unicode_ci,
  PRIMARY KEY (`id`),
  KEY `group_id` (`group_id`)
) ENGINE=InnoDB DEFAULT CHARSET=utf8 COLLATE=utf8_unicode_ci;

/*Data for the table `default_permissions` */

/*Table structure for table `default_profiles` */

DROP TABLE IF EXISTS `default_profiles`;

CREATE TABLE `default_profiles` (
  `id` int(9) NOT NULL AUTO_INCREMENT,
  `created` datetime DEFAULT NULL,
  `updated` datetime DEFAULT NULL,
  `created_by` int(11) DEFAULT NULL,
  `ordering_count` int(11) DEFAULT NULL,
  `user_id` int(11) unsigned NOT NULL,
  `display_name` varchar(50) COLLATE utf8_unicode_ci NOT NULL,
  `first_name` varchar(50) COLLATE utf8_unicode_ci NOT NULL,
  `last_name` varchar(50) COLLATE utf8_unicode_ci NOT NULL,
  `company` varchar(100) COLLATE utf8_unicode_ci DEFAULT NULL,
  `lang` varchar(2) COLLATE utf8_unicode_ci NOT NULL DEFAULT 'en',
  `bio` text COLLATE utf8_unicode_ci,
  `dob` int(11) DEFAULT NULL,
  `gender` set('m','f','') COLLATE utf8_unicode_ci DEFAULT NULL,
  `phone` varchar(20) COLLATE utf8_unicode_ci DEFAULT NULL,
  `mobile` varchar(20) COLLATE utf8_unicode_ci DEFAULT NULL,
  `address_line1` varchar(255) COLLATE utf8_unicode_ci DEFAULT NULL,
  `address_line2` varchar(255) COLLATE utf8_unicode_ci DEFAULT NULL,
  `address_line3` varchar(255) COLLATE utf8_unicode_ci DEFAULT NULL,
  `postcode` varchar(20) COLLATE utf8_unicode_ci DEFAULT NULL,
  `website` varchar(255) COLLATE utf8_unicode_ci DEFAULT NULL,
  `updated_on` int(11) unsigned DEFAULT NULL,
  PRIMARY KEY (`id`),
  KEY `user_id` (`user_id`)
) ENGINE=MyISAM AUTO_INCREMENT=20 DEFAULT CHARSET=utf8 COLLATE=utf8_unicode_ci;

/*Data for the table `default_profiles` */

insert  into `default_profiles`(`id`,`created`,`updated`,`created_by`,`ordering_count`,`user_id`,`display_name`,`first_name`,`last_name`,`company`,`lang`,`bio`,`dob`,`gender`,`phone`,`mobile`,`address_line1`,`address_line2`,`address_line3`,`postcode`,`website`,`updated_on`) values (1,NULL,NULL,NULL,NULL,1,'Le Hung','Le','Hung',NULL,'en','&lt;html&gt;&lt;/html>',0,'',NULL,NULL,NULL,NULL,NULL,NULL,NULL,1356769936),(2,'2012-12-27 03:32:33',NULL,NULL,1,2,'asdfff.sdff','asdfff','sdff',NULL,'en',NULL,NULL,NULL,NULL,NULL,NULL,NULL,NULL,NULL,NULL,NULL),(3,'2013-02-25 04:37:43',NULL,NULL,2,3,'nga.ngo','Nga','Ngo',NULL,'en',NULL,NULL,NULL,NULL,NULL,NULL,NULL,NULL,NULL,NULL,NULL),(4,'2013-03-12 22:10:18',NULL,NULL,3,4,'kevin.le','kevin','le',NULL,'en',NULL,0,'',NULL,NULL,NULL,NULL,NULL,NULL,NULL,1363646930),(5,'2013-03-24 02:18:09',NULL,NULL,4,5,'admin.admin','admin','admin',NULL,'en',NULL,NULL,NULL,NULL,NULL,NULL,NULL,NULL,NULL,NULL,NULL),(6,'2013-03-24 02:39:28',NULL,NULL,5,6,'passsword.password','passsword','password',NULL,'en',NULL,NULL,NULL,NULL,NULL,NULL,NULL,NULL,NULL,NULL,NULL),(7,'2013-04-02 23:08:00',NULL,NULL,6,7,'kevin.le1','Kevin','Le',NULL,'en',NULL,NULL,NULL,NULL,NULL,NULL,NULL,NULL,NULL,NULL,NULL),(8,'2013-04-03 21:15:50',NULL,NULL,7,8,'kevin.le2','kevin','le',NULL,'en',NULL,NULL,NULL,NULL,NULL,NULL,NULL,NULL,NULL,NULL,NULL),(9,'2013-04-03 21:38:51',NULL,NULL,8,9,'admin.user','admin','user',NULL,'en',NULL,NULL,NULL,NULL,NULL,NULL,NULL,NULL,NULL,NULL,NULL),(11,'2013-04-03 21:53:38',NULL,NULL,10,11,'fani.nini','Fani','Nini',NULL,'en',NULL,NULL,NULL,NULL,NULL,NULL,NULL,NULL,NULL,NULL,NULL),(18,'2013-04-12 02:12:58',NULL,NULL,13,18,'max.tuong','Max','Tuong',NULL,'en',NULL,NULL,NULL,NULL,NULL,NULL,NULL,NULL,NULL,NULL,NULL),(17,'2013-04-11 12:49:24',NULL,NULL,12,17,'tony.nguyen','Tony','Nguyen',NULL,'en',NULL,NULL,NULL,NULL,NULL,NULL,NULL,NULL,NULL,NULL,NULL),(16,'2013-04-10 08:15:43',NULL,9,11,16,'Kevin','Kevin','Le',NULL,'en',NULL,0,NULL,NULL,NULL,NULL,NULL,NULL,NULL,NULL,NULL),(19,'2013-05-03 09:13:01',NULL,NULL,14,19,'nga.ngo','Nga','Ngo',NULL,'en',NULL,NULL,NULL,NULL,NULL,NULL,NULL,NULL,NULL,NULL,NULL);

/*Table structure for table `default_redirects` */

DROP TABLE IF EXISTS `default_redirects`;

CREATE TABLE `default_redirects` (
  `id` int(11) NOT NULL AUTO_INCREMENT,
  `from` varchar(250) COLLATE utf8_unicode_ci NOT NULL,
  `to` varchar(250) COLLATE utf8_unicode_ci NOT NULL,
  `type` int(3) NOT NULL DEFAULT '302',
  PRIMARY KEY (`id`),
  KEY `from` (`from`)
) ENGINE=InnoDB DEFAULT CHARSET=utf8 COLLATE=utf8_unicode_ci;

/*Data for the table `default_redirects` */

/*Table structure for table `default_settings` */

DROP TABLE IF EXISTS `default_settings`;

CREATE TABLE `default_settings` (
  `slug` varchar(30) COLLATE utf8_unicode_ci NOT NULL,
  `title` varchar(100) COLLATE utf8_unicode_ci NOT NULL,
  `description` text COLLATE utf8_unicode_ci NOT NULL,
  `type` set('text','textarea','password','select','select-multiple','radio','checkbox') COLLATE utf8_unicode_ci NOT NULL,
  `default` text COLLATE utf8_unicode_ci NOT NULL,
  `value` text COLLATE utf8_unicode_ci NOT NULL,
  `options` varchar(255) COLLATE utf8_unicode_ci NOT NULL,
  `is_required` int(1) NOT NULL,
  `is_gui` int(1) NOT NULL,
  `module` varchar(50) COLLATE utf8_unicode_ci NOT NULL,
  `order` int(10) NOT NULL DEFAULT '0',
  PRIMARY KEY (`slug`),
  UNIQUE KEY `unique_slug` (`slug`),
  KEY `slug` (`slug`)
) ENGINE=InnoDB DEFAULT CHARSET=utf8 COLLATE=utf8_unicode_ci;

/*Data for the table `default_settings` */

insert  into `default_settings`(`slug`,`title`,`description`,`type`,`default`,`value`,`options`,`is_required`,`is_gui`,`module`,`order`) values ('activation_email','Activation Email','Send out an e-mail with an activation link when a user signs up. Disable this so that admins must manually activate each account.','radio','1','0','1=Enabled|0=Disabled',0,1,'users',961),('addons_upload','Addons Upload Permissions','Keeps mere admins from uploading addons by default','text','0','1','',1,0,'',0),('admin_force_https','Force HTTPS for Control Panel?','Allow only the HTTPS protocol when using the Control Panel?','radio','0','','1=Yes|0=No',1,1,'',0),('admin_theme','Control Panel Theme','Select the theme for the control panel.','','','pyrocms','func:get_themes',1,0,'',0),('akismet_api_key','Akismet API Key','Akismet is a spam-blocker from the WordPress team. It keeps spam under control without forcing users to get past human-checking CAPTCHA forms.','text','','','',0,1,'integration',981),('api_enabled','API Enabled','Allow API access to all modules which have an API controller.','select','0','0','0=Disabled|1=Enabled',0,0,'api',0),('api_user_keys','API User Keys','Allow users to sign up for API keys (if the API is Enabled).','select','0','0','0=Disabled|1=Enabled',0,0,'api',0),('auto_username','Auto Username','Create the username automatically, meaning users can skip making one on registration.','radio','1','','1=Enabled|0=Disabled',0,1,'users',964),('cdn_domain','CDN Domain','CDN domains allow you to offload static content to various edge servers, like Amazon CloudFront or MaxCDN.','text','','','',0,1,'integration',1000),('ckeditor_config','CKEditor Config','You can find a list of valid configuration items in <a target=\"_blank\" href=\"http://docs.cksource.com/ckeditor_api/symbols/CKEDITOR.config.html\">CKEditor\'s documentation.</a>','textarea','','{{# this is a wysiwyg-simple editor customized for the blog module (it allows images to be inserted) #}}\r\n$(\'textarea.blog.wysiwyg-simple\').ckeditor({\r\n	toolbar: [\r\n		[\'pyroimages\'],\r\n		[\'Bold\', \'Italic\', \'-\', \'NumberedList\', \'BulletedList\', \'-\', \'Link\', \'Unlink\']\r\n	  ],\r\n	extraPlugins: \'pyroimages\',\r\n	width: \'99%\',\r\n	height: 100,\r\n	dialog_backgroundCoverColor: \'#000\',\r\n	defaultLanguage: \'{{ helper:config item=\"default_language\" }}\',\r\n	language: \'{{ global:current_language }}\'\r\n});\r\n\r\n{{# this is the config for all wysiwyg-simple textareas #}}\r\n$(\'textarea.wysiwyg-simple\').ckeditor({\r\n	toolbar: [\r\n		[\'Bold\', \'Italic\', \'-\', \'NumberedList\', \'BulletedList\', \'-\', \'Link\', \'Unlink\']\r\n	  ],\r\n	width: \'99%\',\r\n	height: 100,\r\n	dialog_backgroundCoverColor: \'#000\',\r\n	defaultLanguage: \'{{ helper:config item=\"default_language\" }}\',\r\n	language: \'{{ global:current_language }}\'\r\n});\r\n\r\n{{# and this is the advanced editor #}}\r\n$(\'textarea.wysiwyg-advanced\').ckeditor({\r\n	toolbar: [\r\n		[\'Maximize\'],\r\n		[\'pyroimages\', \'pyrofiles\'],\r\n		[\'Cut\',\'Copy\',\'Paste\',\'PasteFromWord\'],\r\n		[\'Undo\',\'Redo\',\'-\',\'Find\',\'Replace\'],\r\n		[\'Link\',\'Unlink\'],\r\n		[\'Table\',\'HorizontalRule\',\'SpecialChar\'],\r\n		[\'Bold\',\'Italic\',\'StrikeThrough\'],\r\n		[\'JustifyLeft\',\'JustifyCenter\',\'JustifyRight\',\'JustifyBlock\',\'-\',\'BidiLtr\',\'BidiRtl\'],\r\n		[\'Format\', \'FontSize\', \'Subscript\',\'Superscript\', \'NumberedList\',\'BulletedList\',\'Outdent\',\'Indent\',\'Blockquote\'],\r\n		[\'ShowBlocks\', \'RemoveFormat\', \'Source\']\r\n	],\r\n	extraPlugins: \'pyroimages,pyrofiles\',\r\n	width: \'99%\',\r\n	height: 400,\r\n	dialog_backgroundCoverColor: \'#000\',\r\n	removePlugins: \'elementspath\',\r\n	defaultLanguage: \'{{ helper:config item=\"default_language\" }}\',\r\n	language: \'{{ global:current_language }}\'\r\n});','',1,1,'wysiwyg',993),('comment_markdown','Allow Markdown','Do you want to allow visitors to post comments using Markdown?','select','0','0','0=Text Only|1=Allow Markdown',1,1,'comments',965),('comment_order','Comment Order','Sort order in which to display comments.','select','ASC','ASC','ASC=Oldest First|DESC=Newest First',1,1,'comments',966),('contact_email','Contact E-mail','All e-mails from users, guests and the site will go to this e-mail address.','text','lehung@ymail.com','','',1,1,'email',979),('currency','Currency','The currency symbol for use on products, services, etc.','text','&pound;','','',1,1,'',994),('dashboard_rss','Dashboard RSS Feed','Link to an RSS feed that will be displayed on the dashboard.','text','https://www.pyrocms.com/blog/rss/all.rss','','',0,1,'',990),('dashboard_rss_count','Dashboard RSS Items','How many RSS items would you like to display on the dashboard?','text','5','5','',1,1,'',989),('date_format','Date Format','How should dates be displayed across the website and control panel? Using the <a target=\"_blank\" href=\"http://php.net/manual/en/function.date.php\">date format</a> from PHP - OR - Using the format of <a target=\"_blank\" href=\"http://php.net/manual/en/function.strftime.php\">strings formatted as date</a> from PHP.','text','Y-m-d','','',1,1,'',995),('default_theme','Default Theme','Select the theme you want users to see by default.','','default','reckontor','func:get_themes',1,0,'',0),('enable_comments','Enable Comments','Enable comments.','radio','1','1','1=Enabled|0=Disabled',1,1,'comments',968),('enable_profiles','Enable profiles','Allow users to add and edit profiles.','radio','1','','1=Enabled|0=Disabled',1,1,'users',963),('enable_registration','Enable user registration','Allow users to register in your site.','radio','1','','1=Enabled|0=Disabled',0,1,'users',961),('files_cache','Files Cache','When outputting an image via site.com/files what shall we set the cache expiration for?','select','480','480','0=no-cache|1=1-minute|60=1-hour|180=3-hour|480=8-hour|1440=1-day|43200=30-days',1,1,'files',986),('files_cf_api_key','Rackspace Cloud Files API Key','You also must provide your Cloud Files API Key. You will find it at the same location as your Username in your Rackspace account.','text','','','',0,1,'files',989),('files_cf_username','Rackspace Cloud Files Username','To enable cloud file storage in your Rackspace Cloud Files account please enter your Cloud Files Username. <a href=\"https://manage.rackspacecloud.com/APIAccess.do\">Find your credentials</a>','text','','','',0,1,'files',990),('files_enabled_providers','Enabled File Storage Providers','Which file storage providers do you want to enable? (If you enable a cloud provider you must provide valid auth keys below','checkbox','0','0','amazon-s3=Amazon S3|rackspace-cf=Rackspace Cloud Files',0,1,'files',994),('files_s3_access_key','Amazon S3 Access Key','To enable cloud file storage in your Amazon S3 account provide your Access Key. <a href=\"https://aws-portal.amazon.com/gp/aws/securityCredentials#access_credentials\">Find your credentials</a>','text','','','',0,1,'files',993),('files_s3_geographic_location','Amazon S3 Geographic Location','Either US or EU. If you change this you must also change the S3 URL.','radio','US','US','US=United States|EU=Europe',1,1,'files',991),('files_s3_secret_key','Amazon S3 Secret Key','You also must provide your Amazon S3 Secret Key. You will find it at the same location as your Access Key in your Amazon account.','text','','','',0,1,'files',992),('files_s3_url','Amazon S3 URL','Change this if using one of Amazon\'s EU locations or a custom domain.','text','http://{{ bucket }}.s3.amazonaws.com/','http://{{ bucket }}.s3.amazonaws.com/','',0,1,'files',991),('files_upload_limit','Filesize Limit','Maximum filesize to allow when uploading. Specify the size in MB. Example: 5','text','5','5','',1,1,'files',987),('frontend_enabled','Site Status','Use this option to the user-facing part of the site on or off. Useful when you want to take the site down for maintenance.','radio','1','','1=Open|0=Closed',1,1,'',988),('ga_email','Google Analytic E-mail','E-mail address used for Google Analytics, we need this to show the graph on the dashboard.','text','','','',0,1,'integration',983),('ga_password','Google Analytic Password','This is also needed this to show the graph on the dashboard.','password','','','',0,1,'integration',982),('ga_profile','Google Analytic Profile ID','Profile ID for this website in Google Analytics','text','','','',0,1,'integration',984),('ga_tracking','Google Tracking Code','Enter your Google Analytic Tracking Code to activate Google Analytics view data capturing. E.g: UA-19483569-6','text','','','',0,1,'integration',985),('mail_protocol','Mail Protocol','Select desired email protocol.','select','mail','smtp','mail=Mail|sendmail=Sendmail|smtp=SMTP',1,1,'email',977),('mail_sendmail_path','Sendmail Path','Path to server sendmail binary.','text','','','',0,1,'email',972),('mail_smtp_host','SMTP Host Name','The host name of your smtp server.','text','','smtp.gmail.com','',0,1,'email',976),('mail_smtp_pass','SMTP password','SMTP password.','password','','mailchothao','',0,1,'email',975),('mail_smtp_port','SMTP Port','SMTP port number.','text','','465','',0,1,'email',974),('mail_smtp_user','SMTP User Name','SMTP user name.','text','','hunglevn@gmail.com','',0,1,'email',973),('meta_topic','Meta Topic','Two or three words describing this type of company/website.','text','Content Management','Add your slogan here','',0,1,'',998),('moderate_comments','Moderate Comments','Force comments to be approved before they appear on the site.','radio','1','1','1=Enabled|0=Disabled',1,1,'comments',967),('records_per_page','Records Per Page','How many records should we show per page in the admin section?','select','25','','10=10|25=25|50=50|100=100',1,1,'',992),('registered_email','User Registered Email','Send a notification email to the contact e-mail when someone registers.','radio','1','0','1=Enabled|0=Disabled',0,1,'users',962),('require_lastname','Require last names?','For some situations, a last name may not be required. Do you want to force users to enter one or not?','radio','1','','1=Required|0=Optional',1,1,'users',962),('rss_feed_items','Feed item count','How many items should we show in RSS/blog feeds?','select','25','','10=10|25=25|50=50|100=100',1,1,'',991),('server_email','Server E-mail','All e-mails to users will come from this e-mail address.','text','admin@localhost','','',1,1,'email',978),('site_lang','Site Language','The native language of the website, used to choose templates of e-mail notifications, contact form, and other features that should not depend on the language of a user.','select','en','en','func:get_supported_lang',1,1,'',997),('site_name','Site Name','The name of the website for page titles and for use around the site.','text','Un-named Website','','',1,1,'',1000),('site_public_lang','Public Languages','Which are the languages really supported and offered on the front-end of your website?','checkbox','en','en','func:get_supported_lang',1,1,'',996),('site_slogan','Site Slogan','The slogan of the website for page titles and for use around the site','text','','Add your slogan here','',0,1,'',999),('twitter_cache','Cache time','How many minutes should your Tweets be stored?','text','300','','',0,1,'twitter',969),('twitter_feed_count','Feed Count','How many tweets should be returned to the Twitter feed block?','text','5','','',0,1,'twitter',970),('twitter_username','Username','Twitter username.','text','','','',0,1,'twitter',971),('unavailable_message','Unavailable Message','When the site is turned off or there is a major problem, this message will show to users.','textarea','Sorry, this website is currently unavailable.','','',0,1,'',987);

/*Table structure for table `default_theme_options` */

DROP TABLE IF EXISTS `default_theme_options`;

CREATE TABLE `default_theme_options` (
  `id` int(11) NOT NULL AUTO_INCREMENT,
  `slug` varchar(30) COLLATE utf8_unicode_ci NOT NULL,
  `title` varchar(100) COLLATE utf8_unicode_ci NOT NULL,
  `description` text COLLATE utf8_unicode_ci NOT NULL,
  `type` set('text','textarea','password','select','select-multiple','radio','checkbox') COLLATE utf8_unicode_ci NOT NULL,
  `default` varchar(255) COLLATE utf8_unicode_ci NOT NULL,
  `value` varchar(255) COLLATE utf8_unicode_ci NOT NULL,
  `options` varchar(255) COLLATE utf8_unicode_ci NOT NULL,
  `is_required` int(1) NOT NULL,
  `theme` varchar(50) COLLATE utf8_unicode_ci NOT NULL,
  PRIMARY KEY (`id`)
) ENGINE=InnoDB AUTO_INCREMENT=12 DEFAULT CHARSET=utf8 COLLATE=utf8_unicode_ci;

/*Data for the table `default_theme_options` */

insert  into `default_theme_options`(`id`,`slug`,`title`,`description`,`type`,`default`,`value`,`options`,`is_required`,`theme`) values (1,'pyrocms_recent_comments','Recent Comments','Would you like to display recent comments on the dashboard?','radio','yes','yes','yes=Yes|no=No',1,'pyrocms'),(2,'pyrocms_news_feed','News Feed','Would you like to display the news feed on the dashboard?','radio','yes','yes','yes=Yes|no=No',1,'pyrocms'),(3,'pyrocms_quick_links','Quick Links','Would you like to display quick links on the dashboard?','radio','yes','yes','yes=Yes|no=No',1,'pyrocms'),(4,'pyrocms_analytics_graph','Analytics Graph','Would you like to display the graph on the dashboard?','radio','yes','yes','yes=Yes|no=No',1,'pyrocms'),(5,'show_breadcrumbs','Show Breadcrumbs','Would you like to display breadcrumbs?','radio','yes','yes','yes=Yes|no=No',1,'default'),(6,'layout','Layout','Which type of layout shall we use?','select','2 column','2 column','2 column=Two Column|full-width=Full Width|full-width-home=Full Width Home Page',1,'default'),(7,'cufon_enabled','Use Cufon','Would you like to use Cufon for titles?','radio','yes','yes','yes=Yes|no=No',1,'default'),(8,'background','Background','Choose the default background for the theme.','select','fabric','fabric','black=Black|fabric=Fabric|graph=Graph|leather=Leather|noise=Noise|texture=Texture',1,'base'),(9,'slider','Slider','Would you like to display the slider on the homepage?','radio','yes','yes','yes=Yes|no=No',1,'base'),(10,'color','Default Theme Color','This changes things like background color, link colors etc…','select','pink','pink','red=Red|orange=Orange|yellow=Yellow|green=Green|blue=Blue|pink=Pink',1,'base'),(11,'show_breadcrumbs','Do you want to show breadcrumbs?','If selected it shows a string of breadcrumbs at the top of the page.','radio','yes','yes','yes=Yes|no=No',1,'base');

/*Table structure for table `default_users` */

DROP TABLE IF EXISTS `default_users`;

CREATE TABLE `default_users` (
  `id` smallint(5) unsigned NOT NULL AUTO_INCREMENT,
  `email` varchar(60) COLLATE utf8_unicode_ci NOT NULL DEFAULT '',
  `password` varchar(100) COLLATE utf8_unicode_ci NOT NULL DEFAULT '',
  `salt` varchar(6) COLLATE utf8_unicode_ci NOT NULL DEFAULT '',
  `group_id` int(11) DEFAULT NULL,
  `ip_address` varchar(16) COLLATE utf8_unicode_ci DEFAULT NULL,
  `active` int(1) DEFAULT NULL,
  `activation_code` varchar(40) COLLATE utf8_unicode_ci DEFAULT NULL,
  `created_on` int(11) NOT NULL,
  `last_login` int(11) NOT NULL,
  `username` varchar(20) COLLATE utf8_unicode_ci DEFAULT NULL,
  `forgotten_password_code` varchar(40) COLLATE utf8_unicode_ci DEFAULT NULL,
  `remember_code` varchar(40) COLLATE utf8_unicode_ci DEFAULT NULL,
  PRIMARY KEY (`id`),
  KEY `email` (`email`)
) ENGINE=InnoDB AUTO_INCREMENT=20 DEFAULT CHARSET=utf8 COLLATE=utf8_unicode_ci COMMENT='Registered User Information';

/*Data for the table `default_users` */

insert  into `default_users`(`id`,`email`,`password`,`salt`,`group_id`,`ip_address`,`active`,`activation_code`,`created_on`,`last_login`,`username`,`forgotten_password_code`,`remember_code`) values (9,'admin@ongoasia.com','e26262cb46e116db9b18d8c53a6f94f39a2f4858','925ad3',1,'127.0.0.1',1,'',1365025131,1368577322,'admin.user',NULL,'f862f48e62fdc9297d0fad5387f29d36f79a972f'),(16,'kevin@ymail.com','2725d78f2275f70eb48075763d27361cf94735c7','926ffc',2,'127.0.0.1',1,NULL,1365581743,1365581807,'kevinle',NULL,NULL),(17,'tony@gmail.com','a2a0f7bdc81657c930fce75c297efd7b8f5718c9','a7413c',2,'127.0.0.1',1,NULL,1365684563,1365684584,'tony.nguyen',NULL,NULL),(18,'maxtuong@ongoasia.com','0c419d1bbad2b5085464c23f258f37567436f1d4','494284',2,'127.0.0.1',1,NULL,1365732778,1365732817,'max.tuong',NULL,NULL),(19,'zorro.lp.x@gmail.com','86f7b3ab6d33478c582abe66898f4eb045c7b9b5','bc84be',2,'127.0.0.1',1,NULL,1367557980,1367558002,'nga.ngo',NULL,NULL);

/*Table structure for table `default_variables` */

DROP TABLE IF EXISTS `default_variables`;

CREATE TABLE `default_variables` (
  `id` int(11) NOT NULL AUTO_INCREMENT,
  `name` varchar(250) COLLATE utf8_unicode_ci DEFAULT NULL,
  `data` varchar(250) COLLATE utf8_unicode_ci DEFAULT NULL,
  PRIMARY KEY (`id`)
) ENGINE=InnoDB DEFAULT CHARSET=utf8 COLLATE=utf8_unicode_ci;

/*Data for the table `default_variables` */

/*Table structure for table `default_widget_areas` */

DROP TABLE IF EXISTS `default_widget_areas`;

CREATE TABLE `default_widget_areas` (
  `id` int(11) NOT NULL AUTO_INCREMENT,
  `slug` varchar(100) COLLATE utf8_unicode_ci DEFAULT NULL,
  `title` varchar(100) COLLATE utf8_unicode_ci DEFAULT NULL,
  PRIMARY KEY (`id`)
) ENGINE=InnoDB AUTO_INCREMENT=2 DEFAULT CHARSET=utf8 COLLATE=utf8_unicode_ci;

/*Data for the table `default_widget_areas` */

insert  into `default_widget_areas`(`id`,`slug`,`title`) values (1,'sidebar','Sidebar');

/*Table structure for table `default_widget_instances` */

DROP TABLE IF EXISTS `default_widget_instances`;

CREATE TABLE `default_widget_instances` (
  `id` int(11) NOT NULL AUTO_INCREMENT,
  `title` varchar(100) COLLATE utf8_unicode_ci DEFAULT NULL,
  `widget_id` int(11) DEFAULT NULL,
  `widget_area_id` int(11) DEFAULT NULL,
  `options` text COLLATE utf8_unicode_ci NOT NULL,
  `order` int(10) NOT NULL DEFAULT '0',
  `created_on` int(11) NOT NULL DEFAULT '0',
  `updated_on` int(11) NOT NULL DEFAULT '0',
  PRIMARY KEY (`id`)
) ENGINE=InnoDB DEFAULT CHARSET=utf8 COLLATE=utf8_unicode_ci;

/*Data for the table `default_widget_instances` */

/*Table structure for table `default_widgets` */

DROP TABLE IF EXISTS `default_widgets`;

CREATE TABLE `default_widgets` (
  `id` int(11) NOT NULL AUTO_INCREMENT,
  `slug` varchar(100) COLLATE utf8_unicode_ci NOT NULL DEFAULT '',
  `title` text COLLATE utf8_unicode_ci NOT NULL,
  `description` text COLLATE utf8_unicode_ci NOT NULL,
  `author` varchar(100) COLLATE utf8_unicode_ci NOT NULL DEFAULT '',
  `website` varchar(255) COLLATE utf8_unicode_ci NOT NULL DEFAULT '',
  `version` varchar(20) COLLATE utf8_unicode_ci NOT NULL DEFAULT '0',
  `enabled` int(1) NOT NULL DEFAULT '1',
  `order` int(10) NOT NULL DEFAULT '0',
  `updated_on` int(11) NOT NULL DEFAULT '0',
  PRIMARY KEY (`id`)
) ENGINE=InnoDB AUTO_INCREMENT=11 DEFAULT CHARSET=utf8 COLLATE=utf8_unicode_ci;

/*Data for the table `default_widgets` */

insert  into `default_widgets`(`id`,`slug`,`title`,`description`,`author`,`website`,`version`,`enabled`,`order`,`updated_on`) values (1,'google_maps','a:9:{s:2:\"en\";s:11:\"Google Maps\";s:2:\"el\";s:19:\"Χάρτης Google\";s:2:\"nl\";s:11:\"Google Maps\";s:2:\"br\";s:11:\"Google Maps\";s:2:\"pt\";s:11:\"Google Maps\";s:2:\"ru\";s:17:\"Карты Google\";s:2:\"id\";s:11:\"Google Maps\";s:2:\"fi\";s:11:\"Google Maps\";s:2:\"fr\";s:11:\"Google Maps\";}','a:9:{s:2:\"en\";s:32:\"Display Google Maps on your site\";s:2:\"el\";s:78:\"Προβάλετε έναν Χάρτη Google στον ιστότοπό σας\";s:2:\"nl\";s:27:\"Toon Google Maps in uw site\";s:2:\"br\";s:34:\"Mostra mapas do Google no seu site\";s:2:\"pt\";s:34:\"Mostra mapas do Google no seu site\";s:2:\"ru\";s:80:\"Выводит карты Google на страницах вашего сайта\";s:2:\"id\";s:37:\"Menampilkan Google Maps di Situs Anda\";s:2:\"fi\";s:39:\"Näytä Google Maps kartta sivustollasi\";s:2:\"fr\";s:42:\"Publiez un plan Google Maps sur votre site\";}','Gregory Athons','http://www.gregathons.com','1.0',1,1,1367673159),(2,'html','s:4:\"HTML\";','a:9:{s:2:\"en\";s:28:\"Create blocks of custom HTML\";s:2:\"el\";s:80:\"Δημιουργήστε περιοχές με δικό σας κώδικα HTML\";s:2:\"br\";s:41:\"Permite criar blocos de HTML customizados\";s:2:\"pt\";s:41:\"Permite criar blocos de HTML customizados\";s:2:\"nl\";s:30:\"Maak blokken met maatwerk HTML\";s:2:\"ru\";s:83:\"Создание HTML-блоков с произвольным содержимым\";s:2:\"id\";s:24:\"Membuat blok HTML apapun\";s:2:\"fi\";s:32:\"Luo lohkoja omasta HTML koodista\";s:2:\"fr\";s:36:\"Créez des blocs HTML personnalisés\";}','Phil Sturgeon','http://philsturgeon.co.uk/','1.0',1,2,1367673159),(3,'login','a:9:{s:2:\"en\";s:5:\"Login\";s:2:\"el\";s:14:\"Σύνδεση\";s:2:\"nl\";s:5:\"Login\";s:2:\"br\";s:5:\"Login\";s:2:\"pt\";s:5:\"Login\";s:2:\"ru\";s:22:\"Вход на сайт\";s:2:\"id\";s:5:\"Login\";s:2:\"fi\";s:13:\"Kirjautuminen\";s:2:\"fr\";s:9:\"Connexion\";}','a:9:{s:2:\"en\";s:36:\"Display a simple login form anywhere\";s:2:\"el\";s:96:\"Προβάλετε μια απλή φόρμα σύνδεσης χρήστη οπουδήποτε\";s:2:\"br\";s:69:\"Permite colocar um formulário de login em qualquer lugar do seu site\";s:2:\"pt\";s:69:\"Permite colocar um formulário de login em qualquer lugar do seu site\";s:2:\"nl\";s:32:\"Toon overal een simpele loginbox\";s:2:\"ru\";s:72:\"Выводит простую форму для входа на сайт\";s:2:\"id\";s:32:\"Menampilkan form login sederhana\";s:2:\"fi\";s:52:\"Näytä yksinkertainen kirjautumislomake missä vain\";s:2:\"fr\";s:54:\"Affichez un formulaire de connexion où vous souhaitez\";}','Phil Sturgeon','http://philsturgeon.co.uk/','1.0',1,3,1367673159),(4,'navigation','a:9:{s:2:\"en\";s:10:\"Navigation\";s:2:\"el\";s:16:\"Πλοήγηση\";s:2:\"nl\";s:9:\"Navigatie\";s:2:\"br\";s:11:\"Navegação\";s:2:\"pt\";s:11:\"Navegação\";s:2:\"ru\";s:18:\"Навигация\";s:2:\"id\";s:8:\"Navigasi\";s:2:\"fi\";s:10:\"Navigaatio\";s:2:\"fr\";s:10:\"Navigation\";}','a:9:{s:2:\"en\";s:40:\"Display a navigation group with a widget\";s:2:\"el\";s:100:\"Προβάλετε μια ομάδα στοιχείων πλοήγησης στον ιστότοπο\";s:2:\"nl\";s:38:\"Toon een navigatiegroep met een widget\";s:2:\"br\";s:62:\"Exibe um grupo de links de navegação como widget em seu site\";s:2:\"pt\";s:62:\"Exibe um grupo de links de navegação como widget no seu site\";s:2:\"ru\";s:88:\"Отображает навигационную группу внутри виджета\";s:2:\"id\";s:44:\"Menampilkan grup navigasi menggunakan widget\";s:2:\"fi\";s:37:\"Näytä widgetillä navigaatio ryhmä\";s:2:\"fr\";s:47:\"Affichez un groupe de navigation dans un widget\";}','Phil Sturgeon','http://philsturgeon.co.uk/','1.2',1,4,1367673159),(5,'rss_feed','a:9:{s:2:\"en\";s:8:\"RSS Feed\";s:2:\"el\";s:24:\"Τροφοδοσία RSS\";s:2:\"nl\";s:8:\"RSS Feed\";s:2:\"br\";s:8:\"Feed RSS\";s:2:\"pt\";s:8:\"Feed RSS\";s:2:\"ru\";s:31:\"Лента новостей RSS\";s:2:\"id\";s:8:\"RSS Feed\";s:2:\"fi\";s:10:\"RSS Syöte\";s:2:\"fr\";s:8:\"Flux RSS\";}','a:9:{s:2:\"en\";s:41:\"Display parsed RSS feeds on your websites\";s:2:\"el\";s:82:\"Προβάλετε τα περιεχόμενα μιας τροφοδοσίας RSS\";s:2:\"nl\";s:28:\"Toon RSS feeds op uw website\";s:2:\"br\";s:48:\"Interpreta e exibe qualquer feed RSS no seu site\";s:2:\"pt\";s:48:\"Interpreta e exibe qualquer feed RSS no seu site\";s:2:\"ru\";s:94:\"Выводит обработанную ленту новостей на вашем сайте\";s:2:\"id\";s:42:\"Menampilkan kutipan RSS feed di situs Anda\";s:2:\"fi\";s:39:\"Näytä purettu RSS syöte sivustollasi\";s:2:\"fr\";s:39:\"Affichez un flux RSS sur votre site web\";}','Phil Sturgeon','http://philsturgeon.co.uk/','1.2',1,5,1367673159),(6,'social_bookmark','a:9:{s:2:\"en\";s:15:\"Social Bookmark\";s:2:\"el\";s:35:\"Κοινωνική δικτύωση\";s:2:\"nl\";s:19:\"Sociale Bladwijzers\";s:2:\"br\";s:15:\"Social Bookmark\";s:2:\"pt\";s:15:\"Social Bookmark\";s:2:\"ru\";s:37:\"Социальные закладки\";s:2:\"id\";s:15:\"Social Bookmark\";s:2:\"fi\";s:24:\"Sosiaalinen kirjanmerkki\";s:2:\"fr\";s:13:\"Liens sociaux\";}','a:9:{s:2:\"en\";s:47:\"Configurable social bookmark links from AddThis\";s:2:\"el\";s:111:\"Παραμετροποιήσιμα στοιχεία κοινωνικής δικτυώσης από το AddThis\";s:2:\"nl\";s:43:\"Voeg sociale bladwijzers toe vanuit AddThis\";s:2:\"br\";s:87:\"Adiciona links de redes sociais usando o AddThis, podendo fazer algumas configurações\";s:2:\"pt\";s:87:\"Adiciona links de redes sociais usando o AddThis, podendo fazer algumas configurações\";s:2:\"ru\";s:90:\"Конфигурируемые социальные закладки с сайта AddThis\";s:2:\"id\";s:60:\"Tautan social bookmark yang dapat dikonfigurasi dari AddThis\";s:2:\"fi\";s:59:\"Konfiguroitava sosiaalinen kirjanmerkki linkit AddThis:stä\";s:2:\"fr\";s:43:\"Liens sociaux personnalisables avec AddThis\";}','Phil Sturgeon','http://philsturgeon.co.uk/','1.0',1,6,1367673159),(7,'twitter_feed','a:9:{s:2:\"en\";s:12:\"Twitter Feed\";s:2:\"el\";s:14:\"Ροή Twitter\";s:2:\"fr\";s:12:\"Flux Twitter\";s:2:\"nl\";s:11:\"Twitterfeed\";s:2:\"br\";s:15:\"Feed do Twitter\";s:2:\"pt\";s:15:\"Feed do Twitter\";s:2:\"ru\";s:21:\"Лента Twitter\'а\";s:2:\"id\";s:12:\"Twitter Feed\";s:2:\"fi\";s:14:\"Twitter Syöte\";}','a:9:{s:2:\"en\";s:37:\"Display Twitter feeds on your website\";s:2:\"el\";s:69:\"Προβολή των τελευταίων tweets από το Twitter\";s:2:\"fr\";s:49:\"Afficher les flux Twitter sur votre site Internet\";s:2:\"nl\";s:31:\"Toon Twitterfeeds op uw website\";s:2:\"br\";s:64:\"Mostra os últimos tweets de um usuário do Twitter no seu site.\";s:2:\"pt\";s:66:\"Mostra os últimos tweets de um utilizador do Twitter no seu site.\";s:2:\"ru\";s:98:\"Выводит ленту новостей Twitter на страницах вашего сайта\";s:2:\"id\";s:39:\"Menampilkan koleksi Tweet di situs Anda\";s:2:\"fi\";s:35:\"Näytä Twitter syöte sivustollasi\";}','Phil Sturgeon','http://philsturgeon.co.uk/','1.2',1,7,1367673159),(8,'archive','a:7:{s:2:\"en\";s:7:\"Archive\";s:2:\"br\";s:15:\"Arquivo do Blog\";s:2:\"pt\";s:15:\"Arquivo do Blog\";s:2:\"el\";s:33:\"Αρχείο Ιστολογίου\";s:2:\"fr\";s:16:\"Archives du Blog\";s:2:\"ru\";s:10:\"Архив\";s:2:\"id\";s:7:\"Archive\";}','a:7:{s:2:\"en\";s:64:\"Display a list of old months with links to posts in those months\";s:2:\"br\";s:95:\"Mostra uma lista navegação cronológica contendo o índice dos artigos publicados mensalmente\";s:2:\"pt\";s:95:\"Mostra uma lista navegação cronológica contendo o índice dos artigos publicados mensalmente\";s:2:\"el\";s:155:\"Προβάλλει μια λίστα μηνών και συνδέσμους σε αναρτήσεις που έγιναν σε κάθε από αυτούς\";s:2:\"fr\";s:95:\"Permet d\'afficher une liste des mois passés avec des liens vers les posts relatifs à ces mois\";s:2:\"ru\";s:114:\"Выводит список по месяцам со ссылками на записи в этих месяцах\";s:2:\"id\";s:63:\"Menampilkan daftar bulan beserta tautan post di setiap bulannya\";}','Phil Sturgeon','http://philsturgeon.co.uk/','1.0',1,8,1367673159),(9,'blog_categories','a:7:{s:2:\"en\";s:15:\"Blog Categories\";s:2:\"br\";s:18:\"Categorias do Blog\";s:2:\"pt\";s:18:\"Categorias do Blog\";s:2:\"el\";s:41:\"Κατηγορίες Ιστολογίου\";s:2:\"fr\";s:19:\"Catégories du Blog\";s:2:\"ru\";s:29:\"Категории Блога\";s:2:\"id\";s:12:\"Kateori Blog\";}','a:7:{s:2:\"en\";s:30:\"Show a list of blog categories\";s:2:\"br\";s:57:\"Mostra uma lista de navegação com as categorias do Blog\";s:2:\"pt\";s:57:\"Mostra uma lista de navegação com as categorias do Blog\";s:2:\"el\";s:97:\"Προβάλει την λίστα των κατηγοριών του ιστολογίου σας\";s:2:\"fr\";s:49:\"Permet d\'afficher la liste de Catégories du Blog\";s:2:\"ru\";s:57:\"Выводит список категорий блога\";s:2:\"id\";s:35:\"Menampilkan daftar kategori tulisan\";}','Stephen Cozart','http://github.com/clip/','1.0',1,9,1367673159),(10,'latest_posts','a:7:{s:2:\"en\";s:12:\"Latest posts\";s:2:\"br\";s:24:\"Artigos recentes do Blog\";s:2:\"pt\";s:24:\"Artigos recentes do Blog\";s:2:\"el\";s:62:\"Τελευταίες αναρτήσεις ιστολογίου\";s:2:\"fr\";s:17:\"Derniers articles\";s:2:\"ru\";s:31:\"Последние записи\";s:2:\"id\";s:12:\"Post Terbaru\";}','a:7:{s:2:\"en\";s:39:\"Display latest blog posts with a widget\";s:2:\"br\";s:81:\"Mostra uma lista de navegação para abrir os últimos artigos publicados no Blog\";s:2:\"pt\";s:81:\"Mostra uma lista de navegação para abrir os últimos artigos publicados no Blog\";s:2:\"el\";s:103:\"Προβάλει τις πιο πρόσφατες αναρτήσεις στο ιστολόγιό σας\";s:2:\"fr\";s:68:\"Permet d\'afficher la liste des derniers posts du blog dans un Widget\";s:2:\"ru\";s:100:\"Выводит список последних записей блога внутри виджета\";s:2:\"id\";s:51:\"Menampilkan posting blog terbaru menggunakan widget\";}','Erik Berman','http://www.nukleo.fr','1.0',1,10,1367673159);

/*Table structure for table `r_attraction` */

DROP TABLE IF EXISTS `r_attraction`;

CREATE TABLE `r_attraction` (
  `attraction_id` int(11) NOT NULL AUTO_INCREMENT,
  `attraction_name` varchar(256) CHARACTER SET utf8 COLLATE utf8_unicode_ci NOT NULL,
  `attraction_desc` varchar(2000) DEFAULT NULL,
  `city_id` varchar(16) CHARACTER SET utf8 COLLATE utf8_unicode_ci NOT NULL,
  `latitude` float DEFAULT NULL,
  `longitude` float DEFAULT NULL,
  PRIMARY KEY (`attraction_id`),
  KEY `FK_r_attraction_city` (`city_id`),
  CONSTRAINT `FK_r_attraction_city` FOREIGN KEY (`city_id`) REFERENCES `r_city` (`city_id`)
) ENGINE=InnoDB DEFAULT CHARSET=latin1;

/*Data for the table `r_attraction` */

/*Table structure for table `r_booking` */

DROP TABLE IF EXISTS `r_booking`;

CREATE TABLE `r_booking` (
  `booking_id` int(11) NOT NULL AUTO_INCREMENT,
  `booking_status` enum('PENDING','PAID') NOT NULL,
  `phone_area_code` varchar(16) CHARACTER SET utf8 COLLATE utf8_unicode_ci NOT NULL,
  `phone_number` varchar(64) CHARACTER SET utf8 COLLATE utf8_unicode_ci NOT NULL,
  `email` varchar(512) NOT NULL,
  `book_by_id` smallint(5) unsigned NOT NULL,
  PRIMARY KEY (`booking_id`),
  KEY `FK_r_booking_user` (`book_by_id`),
  CONSTRAINT `FK_r_booking_user` FOREIGN KEY (`book_by_id`) REFERENCES `default_users` (`id`)
) ENGINE=InnoDB AUTO_INCREMENT=33 DEFAULT CHARSET=latin1;

/*Data for the table `r_booking` */

insert  into `r_booking`(`booking_id`,`booking_status`,`phone_area_code`,`phone_number`,`email`,`book_by_id`) values (30,'PENDING','084','902723695','kevinle@gmail.com',17),(31,'PENDING','84','902723695','lehung@ymail.com',9),(32,'PENDING','084','902723695','lehung@ymail.com',9);

/*Table structure for table `r_booking_tour` */

DROP TABLE IF EXISTS `r_booking_tour`;

CREATE TABLE `r_booking_tour` (
  `booking_tour_id` int(11) NOT NULL AUTO_INCREMENT,
  `tour_id` int(11) NOT NULL,
  `booking_id` int(11) NOT NULL,
  `travel_date` datetime NOT NULL,
  PRIMARY KEY (`booking_tour_id`),
  KEY `FK_r_booking_tour_tour` (`tour_id`),
  KEY `FK_r_booking_tour_booking` (`booking_id`),
  CONSTRAINT `FK_r_booking_tour_booking_id` FOREIGN KEY (`booking_id`) REFERENCES `r_booking` (`booking_id`),
  CONSTRAINT `FK_r_booking_tour_tour_id` FOREIGN KEY (`tour_id`) REFERENCES `r_tour` (`tour_id`)
) ENGINE=InnoDB AUTO_INCREMENT=39 DEFAULT CHARSET=latin1;

/*Data for the table `r_booking_tour` */

insert  into `r_booking_tour`(`booking_tour_id`,`tour_id`,`booking_id`,`travel_date`) values (33,11,30,'2013-04-05 00:00:00'),(34,3,31,'2013-05-02 00:00:00'),(37,3,32,'2013-05-02 00:00:00'),(38,4,32,'2013-03-24 00:00:00');

/*Table structure for table `r_card_type` */

DROP TABLE IF EXISTS `r_card_type`;

CREATE TABLE `r_card_type` (
  `card_type_id` varchar(16) CHARACTER SET utf8 COLLATE utf8_unicode_ci NOT NULL,
  `card_type_name` varchar(256) CHARACTER SET utf8 COLLATE utf8_unicode_ci NOT NULL,
  `description` varchar(512) CHARACTER SET utf8 COLLATE utf8_unicode_ci DEFAULT NULL,
  PRIMARY KEY (`card_type_id`)
) ENGINE=InnoDB DEFAULT CHARSET=latin1;

/*Data for the table `r_card_type` */

/*Table structure for table `r_city` */

DROP TABLE IF EXISTS `r_city`;

CREATE TABLE `r_city` (
  `city_id` varchar(16) CHARACTER SET utf8 COLLATE utf8_unicode_ci NOT NULL,
  `city_name` varchar(256) CHARACTER SET utf8 COLLATE utf8_unicode_ci NOT NULL,
  `country_id` varchar(16) CHARACTER SET utf8 COLLATE utf8_unicode_ci NOT NULL,
  `is_city` tinyint(4) NOT NULL DEFAULT '1',
  `highlight_level` enum('HOT CITY','RECOMEND CITY') DEFAULT NULL,
  PRIMARY KEY (`city_id`),
  KEY `FK_r_city_country` (`country_id`),
  CONSTRAINT `FK_r_city_country` FOREIGN KEY (`country_id`) REFERENCES `r_country` (`country_id`)
) ENGINE=InnoDB DEFAULT CHARSET=latin1;

/*Data for the table `r_city` */

insert  into `r_city`(`city_id`,`city_name`,`country_id`,`is_city`,`highlight_level`) values ('1','Buenos Aires','2',1,''),('10','Brisbane','4',1,''),('100','London','28',1,''),('101','Manchester','28',1,''),('102','Lake District ','28',0,''),('103','The North of England ','28',0,''),('104','Tallinn','29',1,''),('105','Helsinki','31',1,''),('106','Avignon','32',1,''),('107','Bayeux','32',1,''),('108','Bordeaux','32',1,''),('109','Cannes','32',1,''),('11','Broome','4',1,''),('110','Lille','32',1,''),('111','Lyon','32',1,''),('112','Marseille','32',1,''),('113','Nice','32',1,''),('114','Paris','32',1,''),('115','Versailles','32',1,''),('116','Aquitaine ','32',0,''),('117','Burgundy & Dijon ','32',0,''),('118','Champagne ','32',0,''),('119','French Riviera ','32',0,''),('12','Cairns & the Tropical North','4',1,''),('120','Normandy ','32',0,''),('121','Provence ','32',0,''),('122','Berlin','33',1,''),('123','Cologne','33',1,''),('124','Frankfurt','33',1,''),('125','Hamburg','33',1,''),('126','Munich','33',1,''),('127','Rhine River ','33',0,''),('128','Athens','34',1,''),('129','Mykonos','34',1,''),('13','Canberra','4',1,''),('130','Santorini','34',1,''),('131','Cyclades Islands ','34',0,''),('132','Antigua','36',1,''),('133','Guatemala City','36',1,''),('134','Budapest','38',1,''),('135','Reykjavik','39',1,''),('136','Chennai','40',1,''),('137','Goa','40',1,''),('138','Jaipur','40',1,''),('139','Kochi','40',1,''),('14','Darwin','4',1,''),('140','Kolkata','40',1,''),('141','Mumbai','40',1,''),('142','New Delhi','40',1,''),('143','Udaipur','40',1,''),('144','Kerala ','40',0,''),('145','Rajasthan ','40',0,''),('146','Tamil Nadu ','40',0,''),('147','West Bengal ','40',0,''),('148','Bali ','41',0,''),('149','Belfast','42',1,''),('15','Gold Coast','4',1,''),('150','Dublin','42',1,''),('151','Galway','42',1,''),('152','Killarney','42',1,''),('153','Jerusalem','43',1,''),('154','Tel Aviv','43',1,''),('155','Bologna','44',1,''),('156','Florence','44',1,''),('157','Milan','44',1,''),('158','Naples','44',1,''),('159','Pisa','44',1,''),('16','Hobart','4',1,''),('160','Rome','44',1,''),('161','Siena','44',1,''),('162','Sorrento','44',1,''),('163','Turin','44',1,''),('164','Venice','44',1,''),('165','Verona','44',1,''),('166','Amalfi Coast ','44',0,''),('167','Piedmont & Liguria ','44',0,''),('168','Sicily ','44',0,''),('169','Tuscany ','44',0,''),('17','Launceston','4',1,''),('170','Montego Bay','45',1,''),('171','Negril','45',1,''),('172','Ocho Rios','45',1,''),('173','Kyoto','46',1,''),('174','Osaka','46',1,''),('175','Tokyo','46',1,''),('176','Amman ','47',1,''),('177','Beirut','48',1,''),('178','Kota Kinabalu','50',1,''),('179','Kuala Lumpur','50',1,NULL),('18','Melbourne','4',1,''),('180','Kuching','50',1,''),('181','Langkawi','50',1,'HOT CITY'),('182','Penang','50',1,'HOT CITY'),('183','Sabah ','50',0,''),('184','Sarawak ','50',0,''),('185','Acapulco','51',1,''),('186','Cancun','51',1,''),('187','Cozumel','51',1,''),('188','Los Cabos','51',1,''),('189','Mexico City','51',1,''),('19','Noosa & Sunshine Coast','4',1,''),('190','Puerto Vallarta','51',1,''),('191','Baja California Peninsula ','51',0,''),('192','Central Pacific Coast ','51',0,''),('193','Riviera Maya & the Yucatan ','51',0,''),('194','Monaco','52',1,''),('195','Marrakech ','53',0,''),('196','Kathmandu','54',1,''),('197','Amsterdam','55',1,''),('198','Auckland','56',1,''),('199','Bay of Islands','56',1,''),('2','El Calafate','2',1,''),('20','Palm Cove','4',1,''),('200','Christchurch','56',1,''),('201','Dunedin & The Otago Peninsula','56',1,''),('202','Fiordland & Milford Sound','56',1,''),('203','Franz Josef & Fox Glacier','56',1,''),('204','Mount Cook','56',1,''),('205','Picton','56',1,''),('206','Queenstown','56',1,''),('207','Rotorua','56',1,''),('208','Wellington','56',1,''),('209','North Island ','56',0,''),('21','Perth','4',1,''),('210','South Island ','56',0,''),('211','Managua','57',1,''),('212','Oslo','58',1,''),('213','Panama City','60',1,''),('214','Arequipa','61',1,''),('215','Cusco','61',1,''),('216','Iquitos','61',1,''),('217','Lima','61',1,''),('218','Puno','61',1,''),('219','Cebu','62',1,''),('22','Port Douglas','4',1,''),('220','Manila','62',1,''),('221','Visayas ','62',0,''),('222','Krakow','63',1,''),('223','Warsaw','63',1,''),('224','Lisbon','64',1,''),('225','Islands of Portugal ','64',0,''),('226','Porto & Northern Portugal ','64',0,''),('227','The Algarve ','64',0,''),('228','San Juan ','65',0,''),('229','Moscow','66',1,''),('23','Sydney','4',1,''),('230','St Petersburg','66',1,''),('231','Edinburgh','67',1,''),('232','Glasgow','67',1,''),('233','Inverness','67',1,''),('234','The Scottish Highlands ','67',1,''),('235','Cape Town','70',1,''),('236','Durban','70',1,''),('237','Johannesburg','70',1,''),('238','Seoul','71',1,''),('239','Barcelona','72',1,''),('24','The Whitsundays & Hamilton Island','4',1,''),('240','Costa del Sol','72',1,''),('241','Granada','72',1,''),('242','Gran Canaria','72',1,''),('243','Ibiza','72',1,''),('244','Madrid','72',1,''),('245','Malaga ','72',1,''),('246','Mallorca','72',1,''),('247','Santiago de Compostela','72',1,''),('248','Seville','72',1,''),('249','Valencia','72',1,''),('25','New South Wales ','4',0,''),('250','Andalucia & Costa del Sol ','72',0,''),('251','Balearic Islands ','72',0,''),('252','Basque Country ','72',0,''),('253','Canary Islands ','72',0,''),('254','Costa Brava ','72',0,''),('255','St Kitts ','73',0,''),('256','Stockholm','76',1,''),('257','Geneva','77',1,''),('258','Lucerne','77',1,''),('259','Zurich','77',1,''),('26','Northern Territory ','4',0,''),('260','Bangkok','80',1,'HOT CITY'),('261','Chiang Mai & Chiang Rai','80',1,''),('262','Koh Samui','80',1,''),('263','Krabi','80',1,''),('264','Pattaya','80',1,''),('265','Phuket','80',1,''),('266','Ankara','82',1,''),('267','Antalya','82',1,''),('268','Cappadocia','82',1,''),('269','Istanbul','82',1,''),('27','Queensland ','4',0,''),('270','Izmir','82',1,''),('271','Kusadasi','82',1,''),('272','Dubai','83',1,''),('273','Montevideo','84',1,''),('274','Punta del Este','84',1,''),('275','Anaheim & Buena Park','85',1,''),('276','Anchorage','85',1,''),('277','Atlanta','85',1,''),('278','Austin','85',1,''),('279','Big Island of Hawaii','85',1,''),('28','South Australia ','4',0,''),('280','Boston','85',1,''),('281','Charleston','85',1,''),('282','Chicago','85',1,''),('283','Dallas','85',1,''),('284','Denver','85',1,''),('285','Fort Lauderdale','85',1,''),('286','Grand Canyon National Park','85',1,''),('287','Juneau','85',1,''),('288','Kauai','85',1,''),('289','Ketchikan','85',1,''),('29','Tasmania ','4',0,''),('290','Key West','85',1,''),('291','Lake Tahoe','85',1,''),('292','Las Vegas','85',1,''),('293','Los Angeles','85',1,''),('294','Maui','85',1,''),('295','Memphis','85',1,''),('296','Miami','85',1,''),('297','Napa & Sonoma','85',1,''),('298','Nashville','85',1,''),('299','New Orleans','85',1,''),('3','Mendoza','2',1,''),('30','Victoria ','4',0,''),('300','New York City','85',1,''),('301','Oahu','85',1,''),('302','Orlando','85',1,''),('303','Palm Springs','85',1,''),('304','Philadelphia','85',1,''),('305','Phoenix','85',1,''),('306','Portland','85',1,''),('307','San Antonio','85',1,''),('308','San Diego','85',1,''),('309','San Francisco','85',1,''),('31','Western Australia ','4',0,''),('310','Seattle','85',1,''),('311','Sedona & Flagstaff','85',1,''),('312','Sitka','85',1,''),('313','Skagway','85',1,''),('314','St Augustine','85',1,''),('315','Tampa','85',1,''),('316','Washington DC','85',1,''),('317','Alaska ','85',0,''),('318','Arizona ','85',0,''),('319','California ','85',0,''),('32','Salzburg','5',1,''),('320','Colorado ','85',0,''),('321','Florida ','85',0,''),('322','Georgia ','85',0,''),('323','Hawaii ','85',0,''),('324','Maryland ','85',0,''),('325','Oregon ','85',0,''),('326','Pennsylvania ','85',0,''),('327','South Carolina ','85',0,''),('328','Tennessee ','85',0,''),('329','Texas ','85',0,''),('33','Vienna','5',1,''),('330','Washington ','85',0,''),('331','St Thomas ','86',0,''),('332','Hanoi','87',1,''),('333','Ho Chi Minh City','87',1,''),('34','Freeport','6',1,''),('35','Nassau','6',1,''),('36','Bruges','8',1,''),('37','Brussels','8',1,''),('38','Ambergris Caye','9',1,''),('39','Belize City','9',1,''),('4','Puerto Iguazu','2',1,''),('40','The Cayes ','9',0,''),('41','Fortaleza','11',1,''),('42','Foz do Iguacu','11',1,''),('43','Manaus','11',1,''),('44','Natal','11',1,''),('45','Rio de Janeiro','11',1,''),('46','Salvador da Bahia','11',1,''),('47','Angkor Wat','13',1,''),('48','Banff','14',1,''),('49','Calgary','14',1,''),('5','Ushuaia','2',1,''),('50','Montreal','14',1,''),('51','Niagara Falls & Around','14',1,''),('52','Ottawa','14',1,''),('53','Quebec City','14',1,''),('54','Toronto','14',1,''),('55','Vancouver','14',1,''),('56','Victoria','14',1,''),('57','Whistler','14',1,''),('58','Alberta ','14',0,''),('59','British Columbia ','14',0,''),('6','Patagonia','2',0,''),('60','Ontario ','14',0,''),('61','Quebec ','14',0,''),('62','Santiago','16',1,''),('63','North Chile ','16',0,''),('64','Patagonia ','16',0,''),('65','Beijing','17',1,''),('66','Chengdu','17',1,''),('67','Guilin','17',1,''),('68','Hangzhou','17',1,''),('69','Macau','17',1,''),('7','Adelaide','4',1,''),('70','Shanghai','17',1,''),('71','Xian','17',1,''),('72','Yangshuo','17',1,''),('73','Eastern China ','17',0,''),('74','Northern China ','17',0,''),('75','Northwest China ','17',0,''),('76','Southern China ','17',0,''),('77','Southwest China ','17',0,''),('78','Yangtze River ','17',0,''),('79','Bogotá','18',1,''),('8','Alice Springs','4',1,''),('80','Cartagena','18',1,''),('81','Medellín','18',1,''),('82','Arenal Volcano National Park','19',1,''),('83','Jaco','19',1,''),('84','San Jose','19',1,''),('85','Guanacaste and Northwest ','19',0,''),('86','Pacific Coast ','19',0,''),('87','Dubrovnik','20',1,''),('88','Prague','22',1,''),('89','Copenhagen','23',1,''),('9','Ayers Rock','4',1,''),('90','Puerto Plata','25',1,''),('91','Punta Cana','25',1,''),('92','Quito','26',1,''),('93','Galapagos Islands ','26',0,''),('94','Aswan','27',1,''),('95','Cairo','27',1,''),('96','Hurghada','27',1,''),('97','Luxor','27',1,''),('98','Sharm el Sheikh','27',1,''),('99','Liverpool','28',1,'');

/*Table structure for table `r_country` */

DROP TABLE IF EXISTS `r_country`;

CREATE TABLE `r_country` (
  `country_id` varchar(16) CHARACTER SET utf8 COLLATE utf8_unicode_ci NOT NULL,
  `country_name` varchar(256) CHARACTER SET utf8 COLLATE utf8_unicode_ci NOT NULL,
  `priority` tinyint(4) NOT NULL DEFAULT '0',
  `photo_path` varchar(1024) DEFAULT '1',
  PRIMARY KEY (`country_id`),
  KEY `FK_r_country_photo` (`photo_path`(767))
) ENGINE=InnoDB DEFAULT CHARSET=latin1;

/*Data for the table `r_country` */

insert  into `r_country`(`country_id`,`country_name`,`priority`,`photo_path`) values ('1','Antigua and Barbuda',0,'1'),('10','Bermuda',0,'1'),('11','Brazil',0,'1'),('12','British Virgin Islands',0,'1'),('13','Cambodia',0,'1'),('14','Canada',0,'1'),('15','Cayman Islands',0,'1'),('16','Chile',0,'1'),('17','China',0,'1'),('18','Colombia',0,'1'),('19','Costa Rica',0,'1'),('2','Argentina',0,'1'),('20','Croatia',0,'1'),('21','Curacao',0,'1'),('22','Czech Republic',0,'1'),('23','Denmark',0,'1'),('24','Dominica',0,'1'),('25','Dominican Republic',0,'1'),('26','Ecuador',0,'1'),('27','Egypt',0,'1'),('28','England',3,'1'),('29','Estonia',0,'1'),('3','Aruba',0,'1'),('30','Fiji',0,'1'),('31','Finland',0,'1'),('32','France',6,'1'),('33','Germany',0,'1'),('34','Greece',0,'1'),('35','Grenada',0,'1'),('36','Guatemala',0,'1'),('37','Hong Kong',0,'1'),('38','Hungary',0,'1'),('39','Iceland',0,'1'),('4','Australia',8,'1'),('40','India',0,'1'),('41','Indonesia',0,'1'),('42','Ireland',0,'1'),('43','Israel',0,'1'),('44','Italy',5,'1'),('45','Jamaica',0,'1'),('46','Japan',0,'1'),('47','Jordan',0,'1'),('48','Lebanon',0,'1'),('49','Lithuania',0,'1'),('5','Austria',0,'1'),('50','Malaysia',0,'1'),('51','Mexico',0,'1'),('52','Monaco',0,'1'),('53','Morocco',0,'1'),('54','Nepal',0,'1'),('55','Netherlands',2,'1'),('56','New Zealand',7,'1'),('57','Nicaragua',0,'1'),('58','Norway',0,'1'),('59','Oman',0,'1'),('6','Bahamas',0,'1'),('60','Panama',0,'1'),('61','Peru',0,'1'),('62','Philippines',0,'1'),('63','Poland',0,'1'),('64','Portugal',0,'1'),('65','Puerto Rico',0,'1'),('66','Russia',0,'1'),('67','Scotland',0,'1'),('68','Singapore',0,'1'),('69','Slovenia',0,'1'),('7','Barbados',0,'1'),('70','South Africa',0,'1'),('71','South Korea',0,'1'),('72','Spain',4,'1'),('73','St Kitts and Nevis',0,'1'),('74','St Lucia',0,'1'),('75','St Maarten',0,'1'),('76','Sweden',0,'1'),('77','Switzerland',0,'1'),('78','Tahiti',0,'1'),('79','Taiwan',0,'1'),('8','Belgium',0,'1'),('80','Thailand',0,'1'),('81','Trinidad and Tobago',0,'1'),('82','Turkey',0,'1'),('83','United Arab Emirates',0,'1'),('84','Uruguay',0,'1'),('85','USA',9,'1'),('86','US Virgin Islands',0,'1'),('87','Vietnam',0,'1'),('9','Belize',0,'1');

/*Table structure for table `r_payment` */

DROP TABLE IF EXISTS `r_payment`;

CREATE TABLE `r_payment` (
  `payment_id` int(11) NOT NULL AUTO_INCREMENT,
  `booking_id` int(11) NOT NULL,
  `payment_status_id` varchar(16) CHARACTER SET utf8 COLLATE utf8_unicode_ci NOT NULL,
  PRIMARY KEY (`payment_id`),
  KEY `FK_r_payment_booking` (`booking_id`),
  KEY `FK_r_payment_payment_status` (`payment_status_id`),
  CONSTRAINT `FK_r_payment_booking` FOREIGN KEY (`booking_id`) REFERENCES `r_booking` (`booking_id`),
  CONSTRAINT `FK_r_payment_payment_status` FOREIGN KEY (`payment_status_id`) REFERENCES `r_payment_status` (`payment_status_id`)
) ENGINE=InnoDB DEFAULT CHARSET=latin1;

/*Data for the table `r_payment` */

/*Table structure for table `r_payment_detail` */

DROP TABLE IF EXISTS `r_payment_detail`;

CREATE TABLE `r_payment_detail` (
  `payment_detail_id` int(11) NOT NULL AUTO_INCREMENT,
  `payment_id` int(11) NOT NULL,
  `total_cost` float NOT NULL,
  `card_type_id` varchar(16) CHARACTER SET utf8 COLLATE utf8_unicode_ci DEFAULT NULL,
  `card_name` varchar(512) CHARACTER SET utf8 COLLATE utf8_unicode_ci DEFAULT NULL,
  `billing_address` varchar(2056) CHARACTER SET utf8 COLLATE utf8_unicode_ci DEFAULT NULL,
  `city_id` varchar(11) CHARACTER SET utf8 COLLATE utf8_unicode_ci DEFAULT NULL,
  `country_id` varchar(11) CHARACTER SET utf8 COLLATE utf8_unicode_ci DEFAULT NULL,
  `state_id` varchar(16) CHARACTER SET utf8 COLLATE utf8_unicode_ci DEFAULT NULL,
  `post_code` varchar(32) CHARACTER SET utf8 COLLATE utf8_unicode_ci DEFAULT NULL,
  `security_number` varchar(64) CHARACTER SET utf8 COLLATE utf8_unicode_ci DEFAULT NULL,
  `expiry_month` int(11) DEFAULT NULL,
  `expiry_year` int(11) DEFAULT NULL,
  PRIMARY KEY (`payment_detail_id`),
  KEY `FK_r_payment_detail_payment` (`payment_id`),
  KEY `FK_r_payment_detail_city` (`city_id`),
  KEY `FK_r_payment_detail_country` (`country_id`),
  KEY `FK_r_payment_detail_card_type` (`card_type_id`),
  KEY `FK_r_payment_detail_state` (`state_id`),
  CONSTRAINT `FK_r_payment_detail_card_type` FOREIGN KEY (`card_type_id`) REFERENCES `r_card_type` (`card_type_id`),
  CONSTRAINT `FK_r_payment_detail_city` FOREIGN KEY (`city_id`) REFERENCES `r_city` (`city_id`),
  CONSTRAINT `FK_r_payment_detail_country` FOREIGN KEY (`country_id`) REFERENCES `r_country` (`country_id`),
  CONSTRAINT `FK_r_payment_detail_payment` FOREIGN KEY (`payment_id`) REFERENCES `r_payment` (`payment_id`),
  CONSTRAINT `FK_r_payment_detail_state` FOREIGN KEY (`state_id`) REFERENCES `r_state` (`state_id`)
) ENGINE=InnoDB DEFAULT CHARSET=latin1;

/*Data for the table `r_payment_detail` */

/*Table structure for table `r_payment_status` */

DROP TABLE IF EXISTS `r_payment_status`;

CREATE TABLE `r_payment_status` (
  `payment_status_id` varchar(16) CHARACTER SET utf8 COLLATE utf8_unicode_ci NOT NULL,
  `status_name` varchar(256) CHARACTER SET utf8 COLLATE utf8_unicode_ci NOT NULL,
  `description` varchar(256) CHARACTER SET utf8 COLLATE utf8_unicode_ci NOT NULL,
  PRIMARY KEY (`payment_status_id`)
) ENGINE=InnoDB DEFAULT CHARSET=latin1;

/*Data for the table `r_payment_status` */

/*Table structure for table `r_state` */

DROP TABLE IF EXISTS `r_state`;

CREATE TABLE `r_state` (
  `state_id` varchar(16) CHARACTER SET utf8 COLLATE utf8_unicode_ci NOT NULL,
  `country_id` varchar(16) CHARACTER SET utf8 COLLATE utf8_unicode_ci NOT NULL,
  `state_name` varchar(128) CHARACTER SET utf8 COLLATE utf8_unicode_ci NOT NULL,
  PRIMARY KEY (`state_id`),
  KEY `FK_r_state` (`country_id`),
  CONSTRAINT `FK_r_state` FOREIGN KEY (`country_id`) REFERENCES `r_country` (`country_id`)
) ENGINE=InnoDB DEFAULT CHARSET=latin1;

/*Data for the table `r_state` */

/*Table structure for table `r_tour` */

DROP TABLE IF EXISTS `r_tour`;

CREATE TABLE `r_tour` (
  `tour_id` int(11) NOT NULL AUTO_INCREMENT,
  `city_id` varchar(16) CHARACTER SET utf8 COLLATE utf8_unicode_ci NOT NULL,
  `tour_status_id` varchar(16) CHARACTER SET utf8 COLLATE utf8_unicode_ci NOT NULL,
  `common_adult_price` float NOT NULL,
  `common_child_price` float NOT NULL,
  `available_from_date` date NOT NULL,
  `available_to_date` date NOT NULL,
  `duration` varchar(100) NOT NULL,
  `photo_id` int(11) NOT NULL DEFAULT '0',
  PRIMARY KEY (`tour_id`),
  KEY `FK_r_tour_city` (`city_id`),
  KEY `FK_r_tour` (`tour_status_id`),
  CONSTRAINT `FK_r_tour` FOREIGN KEY (`tour_status_id`) REFERENCES `r_tour_status` (`tour_status_id`),
  CONSTRAINT `FK_r_tour_city` FOREIGN KEY (`city_id`) REFERENCES `r_city` (`city_id`)
) ENGINE=InnoDB AUTO_INCREMENT=21 DEFAULT CHARSET=latin1;

/*Data for the table `r_tour` */

insert  into `r_tour`(`tour_id`,`city_id`,`tour_status_id`,`common_adult_price`,`common_child_price`,`available_from_date`,`available_to_date`,`duration`,`photo_id`) values (1,'260','A',100,50,'2013-05-02','2013-05-05','3',0),(2,'260','A',299.99,20,'2013-03-20','2013-06-21','8',0),(3,'179','A',199.99,30,'2013-03-22','2013-05-18','6',0),(4,'179','A',190,10,'2013-02-09','2013-07-13','4',0),(5,'264','A',90,50,'2013-02-12','2013-04-30','4',0),(6,'264','A',45,10,'2013-03-22','2013-04-30','4',0),(7,'265','A',39,3,'2013-03-29','2013-04-18','6',0),(8,'179','A',100,50,'2013-04-02','2013-06-06','4',0),(9,'179','A',299.99,20,'2013-03-20','2013-06-03','8',0),(10,'181','A',199.99,30,'2013-04-20','2013-07-03','6',0),(11,'181','A',190,10,'2013-02-12','2013-06-09','4',0),(12,'182','A',90,50,'2013-02-09','2013-05-13','8',0),(13,'182','A',45,10,'2013-03-07','2013-04-30','12',0),(14,'182','A',39,3,'2013-01-09','2013-04-18','24',0),(17,'332','A',123,45,'2013-05-01','2013-05-11','3',1);

/*Table structure for table `r_tour_available_date` */

DROP TABLE IF EXISTS `r_tour_available_date`;

CREATE TABLE `r_tour_available_date` (
  `tour_available_date_id` int(11) NOT NULL AUTO_INCREMENT,
  `tour_id` int(11) NOT NULL,
  `available_from_date` date NOT NULL,
  `available_to_date` date NOT NULL,
  `adult_price` float NOT NULL,
  `child_price` float NOT NULL,
  PRIMARY KEY (`tour_available_date_id`),
  KEY `FK_r_tour_price_tour` (`tour_id`),
  CONSTRAINT `FK_r_tour_price_tour` FOREIGN KEY (`tour_id`) REFERENCES `r_tour` (`tour_id`)
) ENGINE=InnoDB AUTO_INCREMENT=36 DEFAULT CHARSET=latin1;

/*Data for the table `r_tour_available_date` */

insert  into `r_tour_available_date`(`tour_available_date_id`,`tour_id`,`available_from_date`,`available_to_date`,`adult_price`,`child_price`) values (1,1,'2013-03-24','2013-03-30',10,3),(2,1,'2013-04-05','2013-04-23',9,2),(3,2,'2013-03-26','2013-03-30',8,2),(4,2,'2013-04-03','2013-04-24',20,4),(5,3,'2013-05-02','2013-05-24',60,10),(6,4,'2013-03-24','2013-03-31',30,5),(7,4,'2013-04-02','2013-04-05',20,4),(8,4,'2013-04-08','2013-04-12',25,6),(9,5,'2013-03-24','2013-03-30',10,3),(10,6,'2013-04-05','2013-04-23',9,2),(11,7,'2013-03-26','2013-03-30',8,2),(12,7,'2013-04-03','2013-04-24',20,4),(13,8,'2013-05-02','2013-05-24',60,10),(14,9,'2013-03-24','2013-03-31',30,5),(15,9,'2013-04-02','2013-04-05',20,4),(16,10,'2013-04-08','2013-04-12',25,6),(17,11,'2013-03-24','2013-03-30',10,3),(18,11,'2013-04-05','2013-04-23',9,2),(19,12,'2013-03-26','2013-03-30',8,2),(20,13,'2013-04-03','2013-04-24',20,4),(21,13,'2013-05-02','2013-05-24',60,10),(22,14,'2013-03-24','2013-03-31',30,5),(23,14,'2013-04-02','2013-04-05',20,4),(24,14,'2013-04-08','2013-04-12',25,6),(32,17,'2013-05-01','2013-05-10',10,1),(33,17,'2013-05-11','2013-05-11',11,11);

/*Table structure for table `r_tour_detail` */

DROP TABLE IF EXISTS `r_tour_detail`;

CREATE TABLE `r_tour_detail` (
  `tour_detail_id` int(11) NOT NULL AUTO_INCREMENT,
  `tour_id` int(11) NOT NULL,
  `code` varchar(64) NOT NULL,
  `title` varchar(2056) CHARACTER SET utf8 COLLATE utf8_unicode_ci NOT NULL,
  `introduction` mediumtext CHARACTER SET utf8 COLLATE utf8_unicode_ci NOT NULL,
  `highlight` mediumtext CHARACTER SET utf8 COLLATE utf8_unicode_ci NOT NULL,
  `description` mediumtext CHARACTER SET utf8 COLLATE utf8_unicode_ci NOT NULL,
  `scheduler` mediumtext CHARACTER SET utf8 COLLATE utf8_unicode_ci NOT NULL,
  `additional_info` mediumtext CHARACTER SET utf8 COLLATE utf8_unicode_ci,
  PRIMARY KEY (`tour_detail_id`),
  KEY `FK_r_tour_detail_tour` (`tour_id`),
  CONSTRAINT `FK_r_tour_detail_tour` FOREIGN KEY (`tour_id`) REFERENCES `r_tour` (`tour_id`)
) ENGINE=InnoDB AUTO_INCREMENT=20 DEFAULT CHARSET=latin1;

/*Data for the table `r_tour_detail` */

insert  into `r_tour_detail`(`tour_detail_id`,`tour_id`,`code`,`title`,`introduction`,`highlight`,`description`,`scheduler`,`additional_info`) values (1,1,'1DENALI','Khao Yai National Park and Elephant Ride Day Trip from Bangkok','Explore the protected green landscapes of Khao Yai National Park on a full-day guided excursion from Bangkok. Sample exotic fruits, take a ride on a traditional ox cart though the fields and search for tigers, black bears and leopards in Khao Yai National Park, and your day out with an elephant ride through the jungle. This is great city escape for those looking to get back to nature during their stay in Bangkok.','\r\n			\r\n				<li>Explore Thailand\'s Khao Yai National Park</li>\r\n			\r\n				<li>Get a glimpse of wild elephants, black bears, tigers or even a leopard!</li>\r\n			\r\n				<li>Sample exotic seasonal fruits like rambutan and mango</li>\r\n			\r\n				<li>Go for a ride on an ox cart through the rice fields<br></li>\r\n			\r\n				<li>See the impressive Haew Norok waterfall<br></li>\r\n			\r\n				<li>Enjoy a delicious Thai lunch<br></li>\r\n			\r\n				<li>Trek through the jungle on the back of an elephant<br></li>\r\n			\r\n		','This tour is likely to Sell-out! The Grand Canyon All American Helicopter Tour regularly sells out weeks in advance, so book ahead to avoid disappointment!\r\n\r\nYou\'ll discover the natural beauty of the Grand Canyon as your air-conditioned helicopter flies to the West Rim, passing over Lake Las Vegas, Lake Mead and the Hoover Dam en route. Hoover Dam is a spectacular sight from the air, curved between the rock canyon walls. During the flight, you can listen to a recorded commentary about the Grand Canyon and its surrounds via audio headphones.\r\n\r\nYou\'ll land for an unforgettable champagne picnic, 3,200 feet (960 meters) below the rim. While you share a bottle of champagne under an authentic Native American Ramada shelter, your pilot/guide will be happy to answer any questions you may have about the canyon or your helicopter flight.\r\n\r\nYour Grand Canyon helicopter scenic flight ends with a low-level pass over the west side of the famous Las Vegas Strip. On landing, your limousine is waiting to whisk you back to your hotel.\r\n\r\nThere is a maximum capacity of 6 people per helicopter plus your pilot.\r\n\r\nPlease note: the listed price does not include a US $45 per person processing fee, payable at the time of tour check-in','    Early morning: 7:00am - 8:00am\r\n    Late morning: 9:45am - 10:45am\r\n    Early afternoon: 12:30pm - 1:30pm\r\n    Late afternoon: 3:15pm - 4:15pm (April to approximately August only)','\r\nInclusions\r\n\r\n    45-minute (approx.) flight each way in a state-of-the-art helicopter\r\n    Hotel pickup and drop off by limousine\r\n    Lunch\r\n    Glass of Champagne\r\n\r\nExclusions\r\n\r\n    Gratuities (optional)\r\n    Please note: the listed price does not include a US $45 per person processing fee, payable at the time of tour check-in\r\n\r\nAdditional info\r\n\r\n    Confirmation will be received at time of booking, unless booked within 30 days of travel. In this case confirmation will be received within 48 hours, subject to availability\r\n    Individual passenger weights, including infants, MUST be advised at time of booking\r\n    Collapsible wheelchairs with removable wheels may be accommodated provided the passenger is accompanied by someone who can assist them with boarding and disembarking the aircraft\r\n    Due to comfort and weight / balance of the aircraft, passengers weighing over 275lbs. will be required to purchase an additional seat. This is payable directly to the tour operator on the day of the tour.\r\n    Infant children are considered a lap child if they are under the age of two and have proof of age, such as a passport or a copy of their birth certificate\r\n    Veggie (no additional charge) and kosher lunch (additional $8 payable directly to the tour operator on the day of the tour) are available. Please note this request in the special requirement field at check out.\r\n    Please note: Seats are determined by passengers weights and front seats cannot be guaranteed at any time.\r\n\r\nVoucher info\r\nYou can present either a paper or an electronic voucher for this activity. What\'s this?\r\nLocal operator information\r\nComplete Operator information, including local telephone numbers at your destination, are included on your Confirmation Voucher. Our Product Managers select only the most experienced and reliable operators in each destination, removing the guesswork for you, and ensuring your peace of mind.\r\n'),(2,2,'2DENALI','Thailand Ayutthaya Temples and River Cruise from Bangkok','Visit the Ayutthaya temples on a cultural day trip from Bangkok, it\'s a highlight of any Thailand visit. The tour to the ancient capital of Siam includes a trip by riverboat, a must-do activity when you\'re in Bangkok, with close-up views of the temples and historic sites that line the Chao Phraya River.','\r\n			\r\n				<li>Day trip from Bangkok to Ayutthaya, former capital of Siam</li>\r\n			\r\n				<li>Spectacular ruins and intact temples</li>\r\n			\r\n				<li>Wat Chai Mongkol\'s Reclining Buddha statue</li>\r\n			\r\n				<li>Riverboat cruise along the Chao Phraya River, either to or from Ayutthaya</li>\r\n			\r\n				<li>See Wat Mahathat and Buddha\'s head entwined in tree roots<br></li>\r\n			\r\n				<li>English-speaking licensed guide</li>\r\n			\r\n				<li>Air-conditioned transportation</li>\r\n			\r\n				<li>Pickup and drop-off from central Bangkok hotels</li>\r\n			\r\n		','The Unesco World Heritage site of Ayutthaya is 53 miles (85 kilometers) north of Bangkok. Ayutthaya was a thriving Siamese kingdom from 1350 until 1767, when it was captured by the Burmese. Today, Ayutthaya is know for its spectacular ruins and temples. Many of its temples are still intact, such as Wat Phra Sanphet, Wat Mongkhon Bophit, Wat Panangcherng and Wat Chai Mongkol, known for its large bronze statue of the Reclining Buddha.\r\n\r\nYou will also see the summer palace of King Rama IV with its mixture of Thai, Chinese and Gothic architecture. The palace is a well-preserved \'museum\', providing a glimpse into a time when Thailand was known as Siam.\r\n\r\nOn your full-day guided excursion from Bangkok you have a choice of visiting Thailand\'s former ancient capital by boat and returning to Bangkok by van, or vice-versa. During the boat cruise to or from Ayutthaya you will see temples such as Wat Arun lining the Chao Phraya River.','    Early morning: 7:00am - 8:00am\r\n    Late morning: 9:45am - 10:45am\r\n    Early afternoon: 12:30pm - 1:30pm\r\n    Late afternoon: 3:15pm - 4:15pm (April to approximately August only)','\r\nInclusions\r\n\r\n    45-minute (approx.) flight each way in a state-of-the-art helicopter\r\n    Hotel pickup and drop off by limousine\r\n    Lunch\r\n    Glass of Champagne\r\n\r\nExclusions\r\n\r\n    Gratuities (optional)\r\n    Please note: the listed price does not include a US $45 per person processing fee, payable at the time of tour check-in\r\n\r\nAdditional info\r\n\r\n    Confirmation will be received at time of booking, unless booked within 30 days of travel. In this case confirmation will be received within 48 hours, subject to availability\r\n    Individual passenger weights, including infants, MUST be advised at time of booking\r\n    Collapsible wheelchairs with removable wheels may be accommodated provided the passenger is accompanied by someone who can assist them with boarding and disembarking the aircraft\r\n    Due to comfort and weight / balance of the aircraft, passengers weighing over 275lbs. will be required to purchase an additional seat. This is payable directly to the tour operator on the day of the tour.\r\n    Infant children are considered a lap child if they are under the age of two and have proof of age, such as a passport or a copy of their birth certificate\r\n    Veggie (no additional charge) and kosher lunch (additional $8 payable directly to the tour operator on the day of the tour) are available. Please note this request in the special requirement field at check out.\r\n    Please note: Seats are determined by passengers weights and front seats cannot be guaranteed at any time.\r\n\r\nVoucher info\r\nYou can present either a paper or an electronic voucher for this activity. What\'s this?\r\nLocal operator information\r\nComplete Operator information, including local telephone numbers at your destination, are included on your Confirmation Voucher. Our Product Managers select only the most experienced and reliable operators in each destination, removing the guesswork for you, and ensuring your peace of mind.\r\n'),(3,3,'3DENALI','3-Day Taman Negara Adventure from Kuala Lumpur','While you’re in Kuala Lumpur, take a three-day trip to explore Taman Negara, one of Malaysia’s most pristine rainforests. On this exciting journey, canoe up the Tahan River to explore jungle vegetation, get a bird’s-eye view of the forest on the canopy walkway and take a jungle survival class. This exhilarating adventure is the perfect way to experience the wild beauty of Taman Negara.','\r\n\r\n			\r\n				<li>Kuala Lumpur to Taman Negara 3-day trip <br></li>\r\n			\r\n				<li>Scenic, two-hour boat trip from Kuala Tembeling to Kuala Tahan<br></li>\r\n			\r\n				<li>Walk across the canopy walkway to see the forest from a unique vantage point<br></li>\r\n			\r\n				<li>Take a jungle survival class and learn how to survive in the wild<br></li>\r\n			\r\n				<li>Keep your eyes out for nocturnal animals on an evening trek<br></li>\r\n			\r\n				<li>2-night stay in a 4-star resort hotel and expert guide included</li>\r\n			\r\n		\r\n\r\n','<strong>Day 1: Kuala Lumpur </strong><b>- Kuala Tembeling - Taman Negara (L, D)</b><br>Depart from Kuala Lumpur for a three-hour drive to the rural town of Jerantut. Here, you’ll stop for lunch and a short rest before proceeding to the riverbank at Kuala Tembeling. From here, take a 37 mile (60 km) trip by motor canoe to Kuala Tahan (park headquarters). Along the way on this scenic journey, you’ll see <em>kampongs</em> (Malaysian wooden houses), local fishermen, monkeys and jungle vegetation. In the late afternoon, arrive at Kuala Tahan. After dinner (included in tour), watch a video presentation giving an overview of Taman Negara and embark on a night jungle walk with park rangers. You’ll explore the jungle from a different perspective and possibly see nocturnal animals.<br><br><i>Overnight: 4-star Mutiara Taman Negara Resort or similar</i><br><br><strong>Day 2: Taman Negara (B, L, D)</strong><br>The itinerary for day two may vary depending on the season and availability of the park facilities. A common activity is to walk along the canopy walkway. The canopy is suspended 82 feet (25 meters) above the ground between massive trees and allows for close-up views of the higher reaches of the forest. <div><br></div><div>After the canopy walk, go on a jungle trek to Teresik Hill. From here, you’ll be able to view Mt Tahan, the highest mountain in peninsular Malaysia, soaring to 7,186 feet (2,178 meters). During the trek, you’ll learn about the fundamentals of jungle survival, jungle ecology and flora identification from your guide. Returning back to the park headquarters on a different trail, you’ll pass Lubok Simpon water hole where you can jump in for a swim. </div><div><br></div><div>At night, you’ll have the option to participate in an animal \'vigil\' at the tree house. However, sighting of animals is not guaranteed. <br><div><br></div><div><i>Overnight: 4-star Mutiara Taman Negara Resort</i><br><br><strong>Day 3: Taman Negara - Kuala Lumpur (B, L)</strong><br>After breakfast, return to Kuala Tembeling by boat and then your guide will drive you back to Kuala Lumpur.</div></div>','    Early morning: 7:00am - 8:00am\r\n    Late morning: 9:45am - 10:45am\r\n    Early afternoon: 12:30pm - 1:30pm\r\n    Late afternoon: 3:15pm - 4:15pm (April to approximately August only)','\r\nInclusions\r\n\r\n    45-minute (approx.) flight each way in a state-of-the-art helicopter\r\n    Hotel pickup and drop off by limousine\r\n    Lunch\r\n    Glass of Champagne\r\n\r\nExclusions\r\n\r\n    Gratuities (optional)\r\n    Please note: the listed price does not include a US $45 per person processing fee, payable at the time of tour check-in\r\n\r\nAdditional info\r\n\r\n    Confirmation will be received at time of booking, unless booked within 30 days of travel. In this case confirmation will be received within 48 hours, subject to availability\r\n    Individual passenger weights, including infants, MUST be advised at time of booking\r\n    Collapsible wheelchairs with removable wheels may be accommodated provided the passenger is accompanied by someone who can assist them with boarding and disembarking the aircraft\r\n    Due to comfort and weight / balance of the aircraft, passengers weighing over 275lbs. will be required to purchase an additional seat. This is payable directly to the tour operator on the day of the tour.\r\n    Infant children are considered a lap child if they are under the age of two and have proof of age, such as a passport or a copy of their birth certificate\r\n    Veggie (no additional charge) and kosher lunch (additional $8 payable directly to the tour operator on the day of the tour) are available. Please note this request in the special requirement field at check out.\r\n    Please note: Seats are determined by passengers weights and front seats cannot be guaranteed at any time.\r\n\r\nVoucher info\r\nYou can present either a paper or an electronic voucher for this activity. What\'s this?\r\nLocal operator information\r\nComplete Operator information, including local telephone numbers at your destination, are included on your Confirmation Voucher. Our Product Managers select only the most experienced and reliable operators in each destination, removing the guesswork for you, and ensuring your peace of mind.\r\n'),(4,4,'4DENALI','Kuala Lumpur International Airport Plaza Premium Lounge','Relax and refresh after your long flight in the comfort of the Plaza Premium Airport Flagship Lounge located in Kuala Lumpur\'s International Terminal or the Low Cost Carrier Terminal (LCCT) . The Plaza Premium Flagship Lounge provides modern luxury facilities and first-class service including high speed internet workstations, a variety of food and beverages, shower amenities, neck and shoulder massage and much more. Choose from a day or night package for the length of time you need. Book now!','\r\n			\r\n				<li>Relax in the Plaza Premium Lounge at Kuala Lumpur International Airport before your departure</li>\r\n			\r\n				<li>Choose a pass for 3, 6, or 12 hours</li>\r\n			\r\n				<li>Enjoy hot food, beverages, wireless connection and a quiet place to relax (all included)</li>\r\n','Whether you are a business traveler or here for a holiday, The Plaza Premium Lounge offers you the chance to escape the hustle and bustle of airports, regardless of which airline you are using. Choose from a day or night package and enjoy the best in quality service, relaxation and comfort. Choose from two convenient locations in Kuala Lumpur Airport - the Satellite Building in Kuala Lumpur\'s International Terminal and the Arrivals and Departure Hall of the Low Cost Carrier Terminal (LCCT) .\r\n\r\nChoose the Satellite Building lounge and enjoy a 5-star luxury experience, with its spacious sofa seating, marbled floors, VIP rooms and crystal chandeliers. There\'s more! Its extensive food menu -- with its self-service buffet counter including dishes like chicken biryani with basmati rice and Hakka pan mee noodles -- will provide you with a tantalizing culinary experience.\r\n\r\nThe lounges operate 24-hours a day, and provides amenities and services to ease your tiredness after long haul travel, to enhance your physical well-being, and rejuvenate your senses in preparation for your next destination. The lounges are uniquely designed to provide world-class service standards to meet the demands of all travelers and promise a hassle-free transit from Kuala Lumpur to any destination. Depending on your option selected, you have either 3, 6, or 12 hours, after the time of entry, to enjoy the lounge facilities.\r\nService and Facilities:\r\n\r\nAccessible 24 hours a day\r\nFood & beverages\r\nFreshly brewed coffee/tea, espresso and cappuccino\r\nBar area offerign draft beer, wine and spirits\r\nSpacious sofa seating\r\nNeck and shoulder massage\r\nInternational newspapers and magazines\r\nShower with amentities (no shower facilities are available at the Low Cost Carrier Terminal lounge)\r\nWi-fi access\r\nFree local calls\r\nConference center\r\nFlight information\r\nIn-house movies	\r\nPlease note: The Plaza Premium Lounge is located in the restricted area of the departure level of the airport. You must pass through security and immigration first prior to gaining access to the lounge; an on-going boarding pass MUST be presented by all passengers before entering the lounge. The Low Cost Carrier Terminal Lounge is located in a non-restricted area, next to the security check point of the International Departure Hall and international check-in counters; the lounge provides light snacks and lounge seating (no shower facilities are available).\r\n\r\nClick on \"View Additional Info\" for the Plaza Premium Flagship Lounge location map in Kuala Lumpur International Airport','<div class=\"strong\">Departure point</div>Plaza Premium Lounge<br>Mezzanine Floor, Satellite Building<br>Kuala Lumpur International Airport<br>(near Cathy Pacific Lounge, Gate C11-17)<div><br>or<br><br>Kuala Lumpur Low Cost Carrier Terminal (LCCT)<br>Public Concourse, Level 1, International Arrival &amp; Departure Hall, <br>Low Cost Carrier Terminal<br>Kuala Lumpur International Airport<br>The Entrance to the lounge is next ot security check point of international Departure hall</div><div><br></div>','\r\n						<div class=\"strong\">Inclusions</div>\r\n						\r\n							<ul class=\"simple-list\"><li>3, 6 or 12 hours to utilize the facilities of the lounge (depending on option selected)</li><li>Use of shower facilities (no shower facilities are available at the LCCT lounge)</li><li>Buffet-style hot meal</li><li>Non-alcoholic drinks</li><li>Comfortable seating area</li><li>Wi-Fi connections</li><li>International TV channels, newspapers, magazines</li><li>Flight information</li></ul>\r\n						\r\n						\r\n					'),(5,5,'5DENALI','Thai Burma Death Railway Bridge on the River Kwai Tour from Bangkok','Kanchanaburi\'s famous Bridge on the River Kwai and the beginning of the Death Railway is a poignant reminder of the thousands of POW\'s and forced laborers who lost their lives in the Second World War. This full day guided tour from Bangkok also includes a visit to the war museum and the opportunity to ride a local train.','\r\n			\r\n				<li>Enjoy a memorable tour to the Death Railway and infamous bridge over the river Kwai<br></li>\r\n			\r\n				<li>See the Allied war Grave and the Jeath War Museum</li>\r\n			\r\n				<li>Take an exhilarating long tailed boat ride along the River Kwai to the famous bridge</li>\r\n			\r\n				<li>Enjoy a local Thai lunch<br></li>\r\n			\r\n				<li>Friendly and informative guide<br></li>\r\n			\r\n				<li>Hotel pickup and drop off<br></li>\r\n			\r\n		','Fascinating, nostalgic and memorable sums up this full day tour to Kanchanaburi, 80 miles (130 kilometers) west of Bangkok. The province itself is an agricultural area with sugar cane, rice paddies and pineapple plantations all forming significant portions of the stunning Thai rural landscape. Whether a war buff or rail enthusiast, everyone has a different reason to see this symbolic bridge.\r\n\r\nThe famous bridge and the beginning of the \'Death Railway\', which lies 1 mile outside the town of Kanchanaburi, is a poignant reminder of the thousands of POW\'s and forced laborers who lost their lives in the Second World War. The building of the bridge in 1943 was one part of a huge Japanese wartime project to link existing Thai and Burmese railway lines to create a direct route from Bangkok, Thailand to Rangoon, Burma (now Myanmar) in an effort to support the Japanese occupation of Burma. Thousands of POW\'s and laborers died in the process. During your tour a visit will be made to one of the Allied War Grave cemeteries (often an emotional experience) before visiting the JEATH war museum, which houses pictures and paintings from this period.\r\n\r\nAn exhilarating long tailed speed boat ride will then take you down river to the famous bridge itself where you have ample time to explore at your own leisure. A ride on a local train is also included before returning to Bangkok city.','    Early morning: 7:00am - 8:00am\r\n    Late morning: 9:45am - 10:45am\r\n    Early afternoon: 12:30pm - 1:30pm\r\n    Late afternoon: 3:15pm - 4:15pm (April to approximately August only)','\r\nInclusions\r\n\r\n    45-minute (approx.) flight each way in a state-of-the-art helicopter\r\n    Hotel pickup and drop off by limousine\r\n    Lunch\r\n    Glass of Champagne\r\n\r\nExclusions\r\n\r\n    Gratuities (optional)\r\n    Please note: the listed price does not include a US $45 per person processing fee, payable at the time of tour check-in\r\n\r\nAdditional info\r\n\r\n    Confirmation will be received at time of booking, unless booked within 30 days of travel. In this case confirmation will be received within 48 hours, subject to availability\r\n    Individual passenger weights, including infants, MUST be advised at time of booking\r\n    Collapsible wheelchairs with removable wheels may be accommodated provided the passenger is accompanied by someone who can assist them with boarding and disembarking the aircraft\r\n    Due to comfort and weight / balance of the aircraft, passengers weighing over 275lbs. will be required to purchase an additional seat. This is payable directly to the tour operator on the day of the tour.\r\n    Infant children are considered a lap child if they are under the age of two and have proof of age, such as a passport or a copy of their birth certificate\r\n    Veggie (no additional charge) and kosher lunch (additional $8 payable directly to the tour operator on the day of the tour) are available. Please note this request in the special requirement field at check out.\r\n    Please note: Seats are determined by passengers weights and front seats cannot be guaranteed at any time.\r\n\r\nVoucher info\r\nYou can present either a paper or an electronic voucher for this activity. What\'s this?\r\nLocal operator information\r\nComplete Operator information, including local telephone numbers at your destination, are included on your Confirmation Voucher. Our Product Managers select only the most experienced and reliable operators in each destination, removing the guesswork for you, and ensuring your peace of mind.\r\n'),(6,6,'6DENALI','Floating Markets of Damnoen Saduak Cruise Day Trip from Bangkok','Venture from the exotic and colorful Bangkok on a day trip to the countryside and visit Damnoen Saduak floating markets. You\'ll experience rural Thai culture at its best and cruise by long-tailed speedboat to the markets. See the vendors selling local produce and get an up-close glimpse of everyday life in Thailand.','\r\n			\r\n				<li>See the popular Damnoen Saduak Floating Markets in the Ratchaburi province of Thailand</li>\r\n			\r\n				<li>Take a ride on a traditional long-tailed boat to the floating markets of Damneoen Saduak</li>\r\n			\r\n				<li>Hotel pickup and drop-off<br></li>\r\n			\r\n		','You\'ll be picked up from your centrally located hotel and travel by air-conditioned coach from Bangkok to the Damnoen Saduak floating markets, situated 64 miles (104 kilometers) southwest of Bangkok, you will take an exhilarating ride through the marshes and stilt houses of Bangkok on a narrow, long-tailed speedboat towards the markets. Once you reach the markets your local Thai guide will ensure all your questions are answered and even assist those who may wish to take a ride on a local boat (optional extra, payable direct) through the maze of Thai style canoes laden with colorful fruits, vegetables, sweets and meats.\r\n\r\nThis is a very popular day-trip for many tourists to Thailand and subsequently many of the products for sale by the local vendors at the Damnoen Saduak floating markets today may not seem so authentically Thai.','    Early morning: 7:00am - 8:00am\r\n    Late morning: 9:45am - 10:45am\r\n    Early afternoon: 12:30pm - 1:30pm\r\n    Late afternoon: 3:15pm - 4:15pm (April to approximately August only)','\r\nInclusions\r\n\r\n    45-minute (approx.) flight each way in a state-of-the-art helicopter\r\n    Hotel pickup and drop off by limousine\r\n    Lunch\r\n    Glass of Champagne\r\n\r\nExclusions\r\n\r\n    Gratuities (optional)\r\n    Please note: the listed price does not include a US $45 per person processing fee, payable at the time of tour check-in\r\n\r\nAdditional info\r\n\r\n    Confirmation will be received at time of booking, unless booked within 30 days of travel. In this case confirmation will be received within 48 hours, subject to availability\r\n    Individual passenger weights, including infants, MUST be advised at time of booking\r\n    Collapsible wheelchairs with removable wheels may be accommodated provided the passenger is accompanied by someone who can assist them with boarding and disembarking the aircraft\r\n    Due to comfort and weight / balance of the aircraft, passengers weighing over 275lbs. will be required to purchase an additional seat. This is payable directly to the tour operator on the day of the tour.\r\n    Infant children are considered a lap child if they are under the age of two and have proof of age, such as a passport or a copy of their birth certificate\r\n    Veggie (no additional charge) and kosher lunch (additional $8 payable directly to the tour operator on the day of the tour) are available. Please note this request in the special requirement field at check out.\r\n    Please note: Seats are determined by passengers weights and front seats cannot be guaranteed at any time.\r\n\r\nVoucher info\r\nYou can present either a paper or an electronic voucher for this activity. What\'s this?\r\nLocal operator information\r\nComplete Operator information, including local telephone numbers at your destination, are included on your Confirmation Voucher. Our Product Managers select only the most experienced and reliable operators in each destination, removing the guesswork for you, and ensuring your peace of mind.\r\n'),(7,7,'7DENALI','Bangkok Dinner Cruise on the Chao Phraya River','Treat yourself and your loved ones with a 2.5 hour evening cruise along Bangkok\'s Chao Phraya river. Watch river life go by and feast on a Thai dinner feast as the band on board entertains you.','\r\n			\r\n				<li>Cruise along the Chao Phraya River enjoying a sumptuous Thai Dinner</li>\r\n			\r\n				<li>See the enchanting silhouette of Wat Arun in the twilight sky - a perfect photo opportunity</li>\r\n			\r\n				<li>Romantic experience, perfect for couples</li>\r\n			\r\n				<li>Includes hotel pickup and drop off <br></li>\r\n			\r\n		','This will be a memorable night on board one of Bangkok\'s most luxurious restaurant boats relaxing in modern comfort and dining like King Rama V on a variety of Thai dishes. As you cruise slowly along the Chao Phraya River you will pass The Temple of Dawn (Wat Arun) and the Grand Palace complex which both provide sensational twilight photo opportunities. It is also a great vantage point to watch the life along the river as people slowly start to unwind or head home after a busy day.\r\n\r\nThroughout the cruise the on board band will also keep you entertained.','    Early morning: 7:00am - 8:00am\r\n    Late morning: 9:45am - 10:45am\r\n    Early afternoon: 12:30pm - 1:30pm\r\n    Late afternoon: 3:15pm - 4:15pm (April to approximately August only)','\r\nInclusions\r\n\r\n    45-minute (approx.) flight each way in a state-of-the-art helicopter\r\n    Hotel pickup and drop off by limousine\r\n    Lunch\r\n    Glass of Champagne\r\n\r\nExclusions\r\n\r\n    Gratuities (optional)\r\n    Please note: the listed price does not include a US $45 per person processing fee, payable at the time of tour check-in\r\n\r\nAdditional info\r\n\r\n    Confirmation will be received at time of booking, unless booked within 30 days of travel. In this case confirmation will be received within 48 hours, subject to availability\r\n    Individual passenger weights, including infants, MUST be advised at time of booking\r\n    Collapsible wheelchairs with removable wheels may be accommodated provided the passenger is accompanied by someone who can assist them with boarding and disembarking the aircraft\r\n    Due to comfort and weight / balance of the aircraft, passengers weighing over 275lbs. will be required to purchase an additional seat. This is payable directly to the tour operator on the day of the tour.\r\n    Infant children are considered a lap child if they are under the age of two and have proof of age, such as a passport or a copy of their birth certificate\r\n    Veggie (no additional charge) and kosher lunch (additional $8 payable directly to the tour operator on the day of the tour) are available. Please note this request in the special requirement field at check out.\r\n    Please note: Seats are determined by passengers weights and front seats cannot be guaranteed at any time.\r\n\r\nVoucher info\r\nYou can present either a paper or an electronic voucher for this activity. What\'s this?\r\nLocal operator information\r\nComplete Operator information, including local telephone numbers at your destination, are included on your Confirmation Voucher. Our Product Managers select only the most experienced and reliable operators in each destination, removing the guesswork for you, and ensuring your peace of mind.\r\n'),(8,8,'8DENALI','Semenggok Orangutan Rehabilitation Centre Tour from Kuching','Semonggok Wildlife Rehabilitation Centre is located south of Kuching and is a sanctuary used to rehabilitation Orangutans which have been injured or captured. See the Orangutans roaming freely in the wild and experience their feeding time in this unique setting in the rain forest.','\r\n			\r\n				<li>Tour the Semonggok Wildlife Rehabilitation Center and see the Orang Utans roam free on this magical experience from Kuching</li>\r\n			\r\n				<li>Walk 20-min into lush jungle to reach the Orang Utan rehabilitation center</li>\r\n			\r\n				<li>See the unique ethno-botanical gardens</li>\r\n			\r\n				<li>Hotel pickup and drop off</li>\r\n			\r\n		','The best place in Sarawak to view semi-wild orangutans, who have been rescued from captivity and trained to survive in the surrounding forest reserve.\r\n\r\nThe rehabilitated animals roam freely in the rain forest, and often return to the centre at feeding time. Thanks to the successful breeding programme at Semonggok there is a good possibility of experiencing one of the most heart-warming sights in Borneo - an orangutan mother with a young baby.\r\n\r\nThe centre is a 30 minute drive from Kuching and another 20 minute by foot into the jungle. Along the way visitors pass by the ethno-botanical gardens, with their unique collection of rain-forest plants.\r\n\r\nSemengok also has a number of short jungle trails and optional forest walks that can be incorporated into the tour.','    Early morning: 7:00am - 8:00am\r\n    Late morning: 9:45am - 10:45am\r\n    Early afternoon: 12:30pm - 1:30pm\r\n    Late afternoon: 3:15pm - 4:15pm (April to approximately August only)','\r\nInclusions\r\n\r\n    45-minute (approx.) flight each way in a state-of-the-art helicopter\r\n    Hotel pickup and drop off by limousine\r\n    Lunch\r\n    Glass of Champagne\r\n\r\nExclusions\r\n\r\n    Gratuities (optional)\r\n    Please note: the listed price does not include a US $45 per person processing fee, payable at the time of tour check-in\r\n\r\nAdditional info\r\n\r\n    Confirmation will be received at time of booking, unless booked within 30 days of travel. In this case confirmation will be received within 48 hours, subject to availability\r\n    Individual passenger weights, including infants, MUST be advised at time of booking\r\n    Collapsible wheelchairs with removable wheels may be accommodated provided the passenger is accompanied by someone who can assist them with boarding and disembarking the aircraft\r\n    Due to comfort and weight / balance of the aircraft, passengers weighing over 275lbs. will be required to purchase an additional seat. This is payable directly to the tour operator on the day of the tour.\r\n    Infant children are considered a lap child if they are under the age of two and have proof of age, such as a passport or a copy of their birth certificate\r\n    Veggie (no additional charge) and kosher lunch (additional $8 payable directly to the tour operator on the day of the tour) are available. Please note this request in the special requirement field at check out.\r\n    Please note: Seats are determined by passengers weights and front seats cannot be guaranteed at any time.\r\n\r\nVoucher info\r\nYou can present either a paper or an electronic voucher for this activity. What\'s this?\r\nLocal operator information\r\nComplete Operator information, including local telephone numbers at your destination, are included on your Confirmation Voucher. Our Product Managers select only the most experienced and reliable operators in each destination, removing the guesswork for you, and ensuring your peace of mind.\r\n'),(9,9,'9DENALI','Penang Night Tour from Georgetown with Malacca Strait Ferry Ride','Soak up the dynamic atmosphere of historical Georgetown and watch the Penang capital come to life in a blaze of light at night. With a local guide, savor world-renowned Malaysian dishes (own expense) as you stroll among the many open-air food stalls at a hawker center. You’ll take a ferry ride across the Malacca Strait to the mainland for fantastic views of Penang’s illuminated skyline and return by coach across the Penang Bridge.','\r\n			\r\n				<li>3-hour night tour of Georgetown in Penang</li>\r\n			\r\n				<li>Taste a variety of delicious Malaysian delights from food carts at a local hawker center (own expense)</li>\r\n			\r\n				<li>Enjoy a 15-minute ferry ride across the Malacca Strait along the Malay Peninsula</li>\r\n			\r\n				<li>Travel eight miles over the Penang Bridge by coach</li>\r\n			\r\n				<li>See the skyline of Penang lit up at night</li>\r\n			\r\n				<li>Hotel pickup and drop-off from selected Penang hotels included</li>\r\n			\r\n		','Upon pickup from your Penang hotel, head to an open-air hawker center in historical Georgetown, accompanied by your knowledgeable local guide.\r\n\r\nStop at numerous food carts and smell the aromas of exotic spices, sampling world-renowned Penang cuisine as you go (own expense). You’ll taste a variety of Malaysian dishes – from popular satay sticks of barbecued meat to local seafood delicacies.\r\n\r\nRelax after dinner as you embark on a 15-minute ferry ride across the Malacca Strait to the mainland. In operation since the 1920s, the nostalgic ferry will take you back to what it was like to travel along the Malay Peninsula in the past.\r\n\r\nFrom both sides of the ferry’s open deck, admire incredible views of Penang’s illuminated skyline at night. Along with a panoramic vista of Penang from the water, you’ll see Penang Bridge in the distance.\r\n\r\nAfter you disembark, board a sightseeing coach for your return trip to Penang Island and its nightlife. Travel across Penang Bridge, which spans eight miles (13.5 km) across, making it one of the longest bridges in the world!','    Early morning: 7:00am - 8:00am\r\n    Late morning: 9:45am - 10:45am\r\n    Early afternoon: 12:30pm - 1:30pm\r\n    Late afternoon: 3:15pm - 4:15pm (April to approximately August only)','\r\nInclusions\r\n\r\n    45-minute (approx.) flight each way in a state-of-the-art helicopter\r\n    Hotel pickup and drop off by limousine\r\n    Lunch\r\n    Glass of Champagne\r\n\r\nExclusions\r\n\r\n    Gratuities (optional)\r\n    Please note: the listed price does not include a US $45 per person processing fee, payable at the time of tour check-in\r\n\r\nAdditional info\r\n\r\n    Confirmation will be received at time of booking, unless booked within 30 days of travel. In this case confirmation will be received within 48 hours, subject to availability\r\n    Individual passenger weights, including infants, MUST be advised at time of booking\r\n    Collapsible wheelchairs with removable wheels may be accommodated provided the passenger is accompanied by someone who can assist them with boarding and disembarking the aircraft\r\n    Due to comfort and weight / balance of the aircraft, passengers weighing over 275lbs. will be required to purchase an additional seat. This is payable directly to the tour operator on the day of the tour.\r\n    Infant children are considered a lap child if they are under the age of two and have proof of age, such as a passport or a copy of their birth certificate\r\n    Veggie (no additional charge) and kosher lunch (additional $8 payable directly to the tour operator on the day of the tour) are available. Please note this request in the special requirement field at check out.\r\n    Please note: Seats are determined by passengers weights and front seats cannot be guaranteed at any time.\r\n\r\nVoucher info\r\nYou can present either a paper or an electronic voucher for this activity. What\'s this?\r\nLocal operator information\r\nComplete Operator information, including local telephone numbers at your destination, are included on your Confirmation Voucher. Our Product Managers select only the most experienced and reliable operators in each destination, removing the guesswork for you, and ensuring your peace of mind.\r\n'),(10,10,'10DENALI','Kuching City and Heritage Tour','A perfect introduction to Sarawak\'s historical capital, Kuching. This informative three-hour tour covers many of Kuching\'s sights including the Cat Statue, Tua Pek Kong Chinese Temple and the world famous Sarawak Museum. Take a walk through Old Kuching along the narrow alleyways visiting the Central Markets and heritage building of the White Rajah era.','    <li>Grand Canyon All American helicopter tour</li>\r\n    <li>Scenic helicopter flight to the Grand Canyon West Rim from Las Vegas</li>\r\n    <li>Grand Canyon All American Helicopter Tour departs from McCarran Airport - not Boulder City!</li>\r\n    <li>Grand Canyon helicopter tours fly over Lake Mead, Hoover Dam, the Grand Canyon and Las Vegas</li>\r\n    <li>45-minute flight each way in a state-of-the-art six-passenger jet helicopter</li>\r\n    <li>30-minute champagne picnic below the rim</li>\r\n    <li>Choice of morning or afternoon flights</li>\r\n    <li>Recorded commentary by audio headphones on board</li>','You\'ll be picked up from your selected Kuching hotel, and taken across the river to visit the unique Cat Museum, passing the magnificent State Mosque and the Astana, the former residence of the White Rajahs.\r\n\r\nTour returns via the golden-domed City Mosque where you\'ll proceed on foot through Old Kuching, visiting the colorful Central Markets and squeezing through narrow alleyways crammed with spice dealers and textile shops. Pass by the heritage buildings of the White Rajah era, the Pavilion, the Square Tower, the Court House, the Charles Brooke Monument and the Post Office.','    Early morning: 7:00am - 8:00am\r\n    Late morning: 9:45am - 10:45am\r\n    Early afternoon: 12:30pm - 1:30pm\r\n    Late afternoon: 3:15pm - 4:15pm (April to approximately August only)','\r\nInclusions\r\n\r\n    45-minute (approx.) flight each way in a state-of-the-art helicopter\r\n    Hotel pickup and drop off by limousine\r\n    Lunch\r\n    Glass of Champagne\r\n\r\nExclusions\r\n\r\n    Gratuities (optional)\r\n    Please note: the listed price does not include a US $45 per person processing fee, payable at the time of tour check-in\r\n\r\nAdditional info\r\n\r\n    Confirmation will be received at time of booking, unless booked within 30 days of travel. In this case confirmation will be received within 48 hours, subject to availability\r\n    Individual passenger weights, including infants, MUST be advised at time of booking\r\n    Collapsible wheelchairs with removable wheels may be accommodated provided the passenger is accompanied by someone who can assist them with boarding and disembarking the aircraft\r\n    Due to comfort and weight / balance of the aircraft, passengers weighing over 275lbs. will be required to purchase an additional seat. This is payable directly to the tour operator on the day of the tour.\r\n    Infant children are considered a lap child if they are under the age of two and have proof of age, such as a passport or a copy of their birth certificate\r\n    Veggie (no additional charge) and kosher lunch (additional $8 payable directly to the tour operator on the day of the tour) are available. Please note this request in the special requirement field at check out.\r\n    Please note: Seats are determined by passengers weights and front seats cannot be guaranteed at any time.\r\n\r\nVoucher info\r\nYou can present either a paper or an electronic voucher for this activity. What\'s this?\r\nLocal operator information\r\nComplete Operator information, including local telephone numbers at your destination, are included on your Confirmation Voucher. Our Product Managers select only the most experienced and reliable operators in each destination, removing the guesswork for you, and ensuring your peace of mind.\r\n'),(11,11,'11DENALI','Small-Group Zodiac Wilderness Adventure from Ketchikan ','Take off from Kuala Lumpur Airport on an exhilarating helicopter flight to the Grand Canyon. You\'ll enjoy a 45-minute helicopter flight each way, land deep in the canyon for a champagne picnic, and fly low over the famous Kuala Lumpur neon Strip on your return. The Grand Canyon All Malaysia Helicopter Tour is a half-day tour, leaving you with time in the day free to explore Kuala Lumpur at your leisure.','    <li>Grand Canyon All American helicopter tour</li>\r\n    <li>Scenic helicopter flight to the Grand Canyon West Rim from Las Vegas</li>\r\n    <li>Grand Canyon All American Helicopter Tour departs from McCarran Airport - not Boulder City!</li>\r\n    <li>Grand Canyon helicopter tours fly over Lake Mead, Hoover Dam, the Grand Canyon and Las Vegas</li>\r\n    <li>45-minute flight each way in a state-of-the-art six-passenger jet helicopter</li>\r\n    <li>30-minute champagne picnic below the rim</li>\r\n    <li>Choice of morning or afternoon flights</li>\r\n    <li>Recorded commentary by audio headphones on board</li>','This tour is likely to Sell-out! The Grand Canyon All American Helicopter Tour regularly sells out weeks in advance, so book ahead to avoid disappointment!\r\n\r\nYou\'ll discover the natural beauty of the Grand Canyon as your air-conditioned helicopter flies to the West Rim, passing over Lake Las Vegas, Lake Mead and the Hoover Dam en route. Hoover Dam is a spectacular sight from the air, curved between the rock canyon walls. During the flight, you can listen to a recorded commentary about the Grand Canyon and its surrounds via audio headphones.\r\n\r\nYou\'ll land for an unforgettable champagne picnic, 3,200 feet (960 meters) below the rim. While you share a bottle of champagne under an authentic Native American Ramada shelter, your pilot/guide will be happy to answer any questions you may have about the canyon or your helicopter flight.\r\n\r\nYour Grand Canyon helicopter scenic flight ends with a low-level pass over the west side of the famous Las Vegas Strip. On landing, your limousine is waiting to whisk you back to your hotel.\r\n\r\nThere is a maximum capacity of 6 people per helicopter plus your pilot.\r\n\r\nPlease note: the listed price does not include a US $45 per person processing fee, payable at the time of tour check-in','    Early morning: 7:00am - 8:00am\r\n    Late morning: 9:45am - 10:45am\r\n    Early afternoon: 12:30pm - 1:30pm\r\n    Late afternoon: 3:15pm - 4:15pm (April to approximately August only)','\r\nInclusions\r\n\r\n    45-minute (approx.) flight each way in a state-of-the-art helicopter\r\n    Hotel pickup and drop off by limousine\r\n    Lunch\r\n    Glass of Champagne\r\n\r\nExclusions\r\n\r\n    Gratuities (optional)\r\n    Please note: the listed price does not include a US $45 per person processing fee, payable at the time of tour check-in\r\n\r\nAdditional info\r\n\r\n    Confirmation will be received at time of booking, unless booked within 30 days of travel. In this case confirmation will be received within 48 hours, subject to availability\r\n    Individual passenger weights, including infants, MUST be advised at time of booking\r\n    Collapsible wheelchairs with removable wheels may be accommodated provided the passenger is accompanied by someone who can assist them with boarding and disembarking the aircraft\r\n    Due to comfort and weight / balance of the aircraft, passengers weighing over 275lbs. will be required to purchase an additional seat. This is payable directly to the tour operator on the day of the tour.\r\n    Infant children are considered a lap child if they are under the age of two and have proof of age, such as a passport or a copy of their birth certificate\r\n    Veggie (no additional charge) and kosher lunch (additional $8 payable directly to the tour operator on the day of the tour) are available. Please note this request in the special requirement field at check out.\r\n    Please note: Seats are determined by passengers weights and front seats cannot be guaranteed at any time.\r\n\r\nVoucher info\r\nYou can present either a paper or an electronic voucher for this activity. What\'s this?\r\nLocal operator information\r\nComplete Operator information, including local telephone numbers at your destination, are included on your Confirmation Voucher. Our Product Managers select only the most experienced and reliable operators in each destination, removing the guesswork for you, and ensuring your peace of mind.\r\n'),(12,12,'12DENALI','Ketchikan Rainforest Canoe and Nature Walk','Explore Ketchikan the way the natives did on this rainforest canoe trip and nature walk.   On this 3.5-hour Alaskan tour, paddle through a pristine lake in the Tongass National Forest while learning about Ketchikan\'s history and natural beauty from your expert guide.  Take a short walk through the rainforest with your guide and learn about the forest\'s flora and fauna.  Don\'t forget to keep your eyes out for native Alaskan wildlife!','\r\n			\r\n				<li>3.5-hour canoe and nature walk tour in Ketchikan<br></li>\r\n			\r\n				<li>Paddle through a lake in the Tongass National Forest in a Native American-style canoe<br></li>\r\n			\r\n				<li>Leisurely, guided walk in the rainforest - perfect for all fitness levels!&nbsp; <br></li>\r\n			\r\n				<li>Enjoy delicious, hearty snacks including smoked fish and clam chowder<br></li>\r\n			\r\n				<li>Complimentary hotel pickup and drop-off is included<br></li>\r\n			\r\n		','This tour is likely to Sell-out! The Grand Canyon All American Helicopter Tour regularly sells out weeks in advance, so book ahead to avoid disappointment!\r\n\r\nYou\'ll discover the natural beauty of the Grand Canyon as your air-conditioned helicopter flies to the West Rim, passing over Lake Las Vegas, Lake Mead and the Hoover Dam en route. Hoover Dam is a spectacular sight from the air, curved between the rock canyon walls. During the flight, you can listen to a recorded commentary about the Grand Canyon and its surrounds via audio headphones.\r\n\r\nYou\'ll land for an unforgettable champagne picnic, 3,200 feet (960 meters) below the rim. While you share a bottle of champagne under an authentic Native American Ramada shelter, your pilot/guide will be happy to answer any questions you may have about the canyon or your helicopter flight.\r\n\r\nYour Grand Canyon helicopter scenic flight ends with a low-level pass over the west side of the famous Las Vegas Strip. On landing, your limousine is waiting to whisk you back to your hotel.\r\n\r\nThere is a maximum capacity of 6 people per helicopter plus your pilot.\r\n\r\nPlease note: the listed price does not include a US $45 per person processing fee, payable at the time of tour check-in','    Early morning: 7:00am - 8:00am\r\n    Late morning: 9:45am - 10:45am\r\n    Early afternoon: 12:30pm - 1:30pm\r\n    Late afternoon: 3:15pm - 4:15pm (April to approximately August only)','\r\nInclusions\r\n\r\n    45-minute (approx.) flight each way in a state-of-the-art helicopter\r\n    Hotel pickup and drop off by limousine\r\n    Lunch\r\n    Glass of Champagne\r\n\r\nExclusions\r\n\r\n    Gratuities (optional)\r\n    Please note: the listed price does not include a US $45 per person processing fee, payable at the time of tour check-in\r\n\r\nAdditional info\r\n\r\n    Confirmation will be received at time of booking, unless booked within 30 days of travel. In this case confirmation will be received within 48 hours, subject to availability\r\n    Individual passenger weights, including infants, MUST be advised at time of booking\r\n    Collapsible wheelchairs with removable wheels may be accommodated provided the passenger is accompanied by someone who can assist them with boarding and disembarking the aircraft\r\n    Due to comfort and weight / balance of the aircraft, passengers weighing over 275lbs. will be required to purchase an additional seat. This is payable directly to the tour operator on the day of the tour.\r\n    Infant children are considered a lap child if they are under the age of two and have proof of age, such as a passport or a copy of their birth certificate\r\n    Veggie (no additional charge) and kosher lunch (additional $8 payable directly to the tour operator on the day of the tour) are available. Please note this request in the special requirement field at check out.\r\n    Please note: Seats are determined by passengers weights and front seats cannot be guaranteed at any time.\r\n\r\nVoucher info\r\nYou can present either a paper or an electronic voucher for this activity. What\'s this?\r\nLocal operator information\r\nComplete Operator information, including local telephone numbers at your destination, are included on your Confirmation Voucher. Our Product Managers select only the most experienced and reliable operators in each destination, removing the guesswork for you, and ensuring your peace of mind.\r\n'),(13,13,'13DENALI','Ketchikan Super Saver: Off-Road Jeep and Canoe Safari Combo','Fill your need for adventure and excitement while in Ketchikan on this four-hour off-road Jeep and canoe tour ! Take control of a four-wheel- drive Jeep Wrangler® and drive through the rugged back roads of Tongass National Forest. Then join your companions in a Native American-style canoe to paddle across a mountain lake, where a hearty snack and a nature hike await you. While driving and canoeing, keep your eyes open for bald eagles, moose, deer, porcupines and the occasional bear!','    <li>Grand Canyon All American helicopter tour</li>\r\n    <li>Scenic helicopter flight to the Grand Canyon West Rim from Las Vegas</li>\r\n    <li>Grand Canyon All American Helicopter Tour departs from McCarran Airport - not Boulder City!</li>\r\n    <li>Grand Canyon helicopter tours fly over Lake Mead, Hoover Dam, the Grand Canyon and Las Vegas</li>\r\n    <li>45-minute flight each way in a state-of-the-art six-passenger jet helicopter</li>\r\n    <li>30-minute champagne picnic below the rim</li>\r\n    <li>Choice of morning or afternoon flights</li>\r\n    <li>Recorded commentary by audio headphones on board</li>','This tour is likely to Sell-out! The Grand Canyon All American Helicopter Tour regularly sells out weeks in advance, so book ahead to avoid disappointment!\r\n\r\nYou\'ll discover the natural beauty of the Grand Canyon as your air-conditioned helicopter flies to the West Rim, passing over Lake Las Vegas, Lake Mead and the Hoover Dam en route. Hoover Dam is a spectacular sight from the air, curved between the rock canyon walls. During the flight, you can listen to a recorded commentary about the Grand Canyon and its surrounds via audio headphones.\r\n\r\nYou\'ll land for an unforgettable champagne picnic, 3,200 feet (960 meters) below the rim. While you share a bottle of champagne under an authentic Native American Ramada shelter, your pilot/guide will be happy to answer any questions you may have about the canyon or your helicopter flight.\r\n\r\nYour Grand Canyon helicopter scenic flight ends with a low-level pass over the west side of the famous Las Vegas Strip. On landing, your limousine is waiting to whisk you back to your hotel.\r\n\r\nThere is a maximum capacity of 6 people per helicopter plus your pilot.\r\n\r\nPlease note: the listed price does not include a US $45 per person processing fee, payable at the time of tour check-in','    Early morning: 7:00am - 8:00am\r\n    Late morning: 9:45am - 10:45am\r\n    Early afternoon: 12:30pm - 1:30pm\r\n    Late afternoon: 3:15pm - 4:15pm (April to approximately August only)','\r\nInclusions\r\n\r\n    45-minute (approx.) flight each way in a state-of-the-art helicopter\r\n    Hotel pickup and drop off by limousine\r\n    Lunch\r\n    Glass of Champagne\r\n\r\nExclusions\r\n\r\n    Gratuities (optional)\r\n    Please note: the listed price does not include a US $45 per person processing fee, payable at the time of tour check-in\r\n\r\nAdditional info\r\n\r\n    Confirmation will be received at time of booking, unless booked within 30 days of travel. In this case confirmation will be received within 48 hours, subject to availability\r\n    Individual passenger weights, including infants, MUST be advised at time of booking\r\n    Collapsible wheelchairs with removable wheels may be accommodated provided the passenger is accompanied by someone who can assist them with boarding and disembarking the aircraft\r\n    Due to comfort and weight / balance of the aircraft, passengers weighing over 275lbs. will be required to purchase an additional seat. This is payable directly to the tour operator on the day of the tour.\r\n    Infant children are considered a lap child if they are under the age of two and have proof of age, such as a passport or a copy of their birth certificate\r\n    Veggie (no additional charge) and kosher lunch (additional $8 payable directly to the tour operator on the day of the tour) are available. Please note this request in the special requirement field at check out.\r\n    Please note: Seats are determined by passengers weights and front seats cannot be guaranteed at any time.\r\n\r\nVoucher info\r\nYou can present either a paper or an electronic voucher for this activity. What\'s this?\r\nLocal operator information\r\nComplete Operator information, including local telephone numbers at your destination, are included on your Confirmation Voucher. Our Product Managers select only the most experienced and reliable operators in each destination, removing the guesswork for you, and ensuring your peace of mind.\r\n'),(14,14,'14DENALI','Ketchikan Shore Excursion: Rainforest Canoe and Nature Walk in Tongass National Forest','When your cruise ship docks in Ketchikan, spend your time in port soaring through treetops in an Alaskan rainforest! On this exciting zipline and canopy tour, you\'ll swing around a giant jungle gym, high above the ground, on eight different canopy ropes and seven different ziplines. It\'s an outdoor shore excursion with a difference that will leave your heart racing!','    <li>Grand Canyon All American helicopter tour</li>\r\n    <li>Scenic helicopter flight to the Grand Canyon West Rim from Las Vegas</li>\r\n    <li>Grand Canyon All American Helicopter Tour departs from McCarran Airport - not Boulder City!</li>\r\n    <li>Grand Canyon helicopter tours fly over Lake Mead, Hoover Dam, the Grand Canyon and Las Vegas</li>\r\n    <li>45-minute flight each way in a state-of-the-art six-passenger jet helicopter</li>\r\n    <li>30-minute champagne picnic below the rim</li>\r\n    <li>Choice of morning or afternoon flights</li>\r\n    <li>Recorded commentary by audio headphones on board</li>','This tour is likely to Sell-out! The Grand Canyon All American Helicopter Tour regularly sells out weeks in advance, so book ahead to avoid disappointment!\r\n\r\nYou\'ll discover the natural beauty of the Grand Canyon as your air-conditioned helicopter flies to the West Rim, passing over Lake Las Vegas, Lake Mead and the Hoover Dam en route. Hoover Dam is a spectacular sight from the air, curved between the rock canyon walls. During the flight, you can listen to a recorded commentary about the Grand Canyon and its surrounds via audio headphones.\r\n\r\nYou\'ll land for an unforgettable champagne picnic, 3,200 feet (960 meters) below the rim. While you share a bottle of champagne under an authentic Native American Ramada shelter, your pilot/guide will be happy to answer any questions you may have about the canyon or your helicopter flight.\r\n\r\nYour Grand Canyon helicopter scenic flight ends with a low-level pass over the west side of the famous Las Vegas Strip. On landing, your limousine is waiting to whisk you back to your hotel.\r\n\r\nThere is a maximum capacity of 6 people per helicopter plus your pilot.\r\n\r\nPlease note: the listed price does not include a US $45 per person processing fee, payable at the time of tour check-in','    Early morning: 7:00am - 8:00am\r\n    Late morning: 9:45am - 10:45am\r\n    Early afternoon: 12:30pm - 1:30pm\r\n    Late afternoon: 3:15pm - 4:15pm (April to approximately August only)','\r\nInclusions\r\n\r\n    45-minute (approx.) flight each way in a state-of-the-art helicopter\r\n    Hotel pickup and drop off by limousine\r\n    Lunch\r\n    Glass of Champagne\r\n\r\nExclusions\r\n\r\n    Gratuities (optional)\r\n    Please note: the listed price does not include a US $45 per person processing fee, payable at the time of tour check-in\r\n\r\nAdditional info\r\n\r\n    Confirmation will be received at time of booking, unless booked within 30 days of travel. In this case confirmation will be received within 48 hours, subject to availability\r\n    Individual passenger weights, including infants, MUST be advised at time of booking\r\n    Collapsible wheelchairs with removable wheels may be accommodated provided the passenger is accompanied by someone who can assist them with boarding and disembarking the aircraft\r\n    Due to comfort and weight / balance of the aircraft, passengers weighing over 275lbs. will be required to purchase an additional seat. This is payable directly to the tour operator on the day of the tour.\r\n    Infant children are considered a lap child if they are under the age of two and have proof of age, such as a passport or a copy of their birth certificate\r\n    Veggie (no additional charge) and kosher lunch (additional $8 payable directly to the tour operator on the day of the tour) are available. Please note this request in the special requirement field at check out.\r\n    Please note: Seats are determined by passengers weights and front seats cannot be guaranteed at any time.\r\n\r\nVoucher info\r\nYou can present either a paper or an electronic voucher for this activity. What\'s this?\r\nLocal operator information\r\nComplete Operator information, including local telephone numbers at your destination, are included on your Confirmation Voucher. Our Product Managers select only the most experienced and reliable operators in each destination, removing the guesswork for you, and ensuring your peace of mind.\r\n'),(16,17,'HN','Halong Bay Overnight Junk Boat Cruise','Imagine waking up surrounded by the tranquil beauty of Halong Bay, one of Vietnam\'s most spectacular natural wonders. Explore the UNESCO World Heritage-listed bay, dotted with impressive limestone islands, on a two-day cruise aboard a traditional junk boat. You’ll enjoy a guided tour of the limestone Cave of Surprises as well as free time to sunbathe, swim and kayak in secluded lagoons. Receive personalized service from your crew on this small-group tour, limited to 24 people.','<div class=\"cms-content\">\r\n <ul class=\"simple-list\">\r\n  <li>\r\n   2-day traditional junk boat cruise on UNESCO World Heritage-listed Halong Bay including the Cave of Surprises</li>\r\n  <li>\r\n   Enjoy 3-star amenities including full cash bar aboard the boat</li>\r\n  <li>\r\n   Take photos from the sightseeing deck or aboard your kayak as you tour</li>\r\n  <li>\r\n   Sleep soundly in one of 12 comfortable, air-conditioned, ensuite twin cabins</li>\r\n  <li>\r\n   Dine on two seafood lunches, one dinner and one breakfast, including traditional Vietnamese fare</li>\r\n  <li>\r\n   Hotel pickup and drop-off from Hanoi included</li>\r\n  <li>\r\n   Small-group tour limited to 24 people ensures personal attention from your crew</li>\r\n </ul>\r\n</div>\r\n<p>\r\n &nbsp;</p>','<p>\r\n Halong Bay, listed as one of Vietnam’s five UNESCO World Heritage Sites, covers 933 square miles (1,500 square km) with more than a thousand limestone peaks rising up from the emerald waters. Your two-day itinerary gives you a chance to relax on the tanning deck, swim or kayak, try night fishing, see the sights and enjoy delicious Vietnamese cuisine – all while being looked after by your attentive crew.</p>\r\n<p>\r\n The traditional junk boat includes: hot and cold running water and shower in each ensuite tiled bathroom; a dining room and licensed cash bar with extensive wine list; sun-tanning area with adjustable sun lounges; and fully staffed crew including a customer services manager.</p>\r\n<p class=\"h4 strong mbs\">\r\n Itinerary</p>\r\n<div class=\"cms-content mhm\">\r\n <div>\r\n  <b>Day 1: Hanoi – Halong Bay (L, D)</b></div>\r\n <div>\r\n  After early morning pickup from your hotel, depart from the capital for Halong Bay – an approximate four-hour drive by comfortable air-conditioned vehicle. Upon arrival at Halong Bay around midday, you’ll be greeted by a tour representative and transferred to the traditional junk boat.</div>\r\n <div>\r\n  &nbsp;</div>\r\n <div>\r\n  Settle in with a complimentary welcome drink as you begin your cruise around majestic Halong Bay. Meet the expert crew and get acquainted with your small group while you dine on a delicious seafood lunch, including tea and coffee. After lunch, unwind and soak up the sun on the top deck – a great spot for photographing the natural wonders of the bay – as your captain finds a secluded area, perfect for swimming in the clear waters.</div>\r\n <div>\r\n  &nbsp;</div>\r\n <div>\r\n  You’ll have the chance to try your hand at kayaking and explore some of the ancient limestone caves dotting the bay. As you glide along the most secluded lagoons, admire the surrounding limestone karsts amid unforgettable scenery only accessible by kayak! The modern kayaks are lightweight and easy to maneuver, and all participants will be issued water buoyancy vests. The junk boat will be nearby at all times, serving as a back-up vessel for those who need it.</div>\r\n <div>\r\n  &nbsp;</div>\r\n <div>\r\n  After exploring, retire to the boat for more relaxation on the deck and enjoy a refreshing drink from the bar if you\'d like. In the evening, your cook will prepare a splendid meal comprised of fresh seafood dishes as well as traditional Vietnamese fare as your crew weighs anchor in the heart of the bay. Afterward, you’ll have the opportunity to try some night fishing from the boat.</div>\r\n <div>\r\n  &nbsp;</div>\r\n <div>\r\n  <i>Overnight: Ensuite twin cabin aboard traditional junk boat in Halong Bay</i></div>\r\n <div>\r\n  &nbsp;</div>\r\n <div>\r\n  <b>Day 2: Halong Bay – Hanoi (B, L)</b></div>\r\n <div>\r\n  Rising to the tranquil beauty of the bay, there’s time for an early morning dip followed by breakfast. Then, head to the Cave of Surprises – the biggest cave in Halong Bay – where you’ll discover magnificent stalagmites and stalactites as you walk along the lit paths on a guided tour.</div>\r\n <div>\r\n  &nbsp;</div>\r\n <div>\r\n  After another delectable lunch around midday, start your cruise back to the main harbor before transferring to your awaiting vehicle for the four-hour journey back to Hanoi. End your tour with hotel drop-off upon arrival in the capital.</div>\r\n</div>\r\n<p>\r\n &nbsp;</p>','<div class=\"cms-content mhm mtm\">\r\n <p class=\"h4 strong mbs\">\r\n  Schedule Details</p>\r\n <div class=\"mbm\">\r\n  <div class=\"strong\">\r\n   Departs</div>\r\n  Select a month to view a calendar of availability and departure details.\r\n  <div class=\"line\">\r\n   &lt;form action=\"/popups/priceAvailCal.jspa?code=2514HAN_HBJ2DD&amp;productType=SIC&amp;id=1010&amp;setLocale=en&amp;listDate=2013-5-10\" target=\"pacWindow\"&gt; &nbsp;&lt;/form&gt;</div>\r\n </div>\r\n <div class=\"mbm\">\r\n  <div class=\"strong\">\r\n   Departure point</div>\r\n  Departs from your Hanoi hotel (select hotels only)</div>\r\n <div class=\"mbm\">\r\n  <div class=\"strong\">\r\n   Departure time</div>\r\n  8:30am\r\n  <p>\r\n   Hotel pickups commence prior to this time, you must contact the local service provider to verify your exact pickup time.</p>\r\n </div>\r\n <div class=\"mbm\">\r\n  <div class=\"strong\">\r\n   Duration</div>\r\n  2 days (approx.)</div>\r\n <div class=\"mbm\">\r\n  <span class=\"strong\">Return details</span><br />\r\n  Concludes at your Hanoi hotel at approximately 4:30pm on day 2</div>\r\n</div>\r\n<h3 class=\"h4 strong mtl mbn\">\r\n Tour and Pricing Options</h3>\r\n<p class=\"mts\">\r\n Click the link below to check pricing &amp; availability on your preferred travel date. Our pricing is constantly updated to ensure you always receive the lowest price possible - we 100% guarantee it. Your currency is set to USD. <a href=\"http://www.viator.com/tours/Hanoi/Halong-Bay-Overnight-Junk-Boat-Cruise/d351-2514HAN_HBJ2DD#\" title=\"Change currency\">Click here</a> to change your currency.</p>\r\n<div class=\"line\">\r\n &nbsp;</div>\r\n<div class=\"line light-border-b option-row\">\r\n <div class=\"unit size1of4\">\r\n  <p class=\"mas\">\r\n   <span class=\"strong\">Single Room</span><br />\r\n   <span class=\"xsmall hint\">Code: SGL</span></p>\r\n </div>\r\n <div class=\"unit size1of2\">\r\n  <p class=\"mas\">\r\n   Deluxe cabin with en-suite bathroom; one person per room</p>\r\n </div>\r\n <div class=\"txtR mas line\">\r\n  <div class=\"price-from\">\r\n   From USD</div>\r\n  <div class=\"h2 strong\">\r\n   <span class=\"currency-sign\">$</span>293.99</div>\r\n  <div class=\"unitRight\">\r\n   <a class=\"inverse-link\" href=\"http://www.viator.com/tours/Hanoi/Halong-Bay-Overnight-Junk-Boat-Cruise/d351-2514HAN_HBJ2DD#\" title=\"Pricing details\">Pricing details</a></div>\r\n </div>\r\n</div>\r\n<div class=\"unit size1of4\">\r\n <p class=\"mas\">\r\n  <span class=\"strong\">Double Room</span><br />\r\n  <span class=\"xsmall hint\">Code: TWIN</span></p>\r\n</div>\r\n<div class=\"unit size1of2\">\r\n <p class=\"mas\">\r\n  Deluxe cabin with en-suite bathroom; two people per room</p>\r\n</div>\r\n<div class=\"price-from\">\r\n From USD</div>\r\n<div class=\"h2 strong\">\r\n <span class=\"currency-sign\">$</span>206.99</div>','<div class=\"cms-content mhm mtm\">\r\n <div class=\"mvm\">\r\n  <div class=\"strong\">\r\n   Inclusions</div>\r\n  <ul class=\"simple-list\">\r\n   <li>\r\n    Hotel pickup and drop-off</li>\r\n   <li>\r\n    Round-trip transfer between Hanoi and Halong</li>\r\n   <li>\r\n    Transport by air-conditioned vehicle</li>\r\n   <li>\r\n    Kayak and equipment</li>\r\n   <li>\r\n    English-speaking representative on board junk boat</li>\r\n   <li>\r\n    Accommodation in air-conditioned cabin with ensuite</li>\r\n   <li>\r\n    Meals per itinerary (B=Breakfast, L=Lunch, D=Dinner)</li>\r\n   <li>\r\n    Admission fees and permits</li>\r\n   <li>\r\n    Complimentary welcome drink</li>\r\n   <li>\r\n    Complimentary tea and coffee throughout trip</li>\r\n  </ul>\r\n </div>\r\n <div class=\"mbm\">\r\n  <div class=\"strong\">\r\n   Exclusions</div>\r\n  <ul class=\"simple-list\">\r\n   <li>\r\n    Alcoholic drink</li>\r\n   <li>\r\n    Gratuities (recommended)</li>\r\n  </ul>\r\n </div>\r\n <div class=\"mbm\">\r\n  <div class=\"strong\">\r\n   Additional info</div>\r\n  <div class=\"cms-content\">\r\n   <ul class=\"simple-list\">\r\n    <li>\r\n     Confirmation will be received at time of booking, unless booked within 60 days of travel. In this case confirmation will be received within 48 hours, subject to availability</li>\r\n   </ul>\r\n   <strong>IMPORTANT Please note: Your tour will not be confirmed unless you provide the following information at time of booking</strong>\r\n   <ul class=\"simple-list\">\r\n    <li>\r\n     Full Name as on passports</li>\r\n    <li>\r\n     Date of Birth</li>\r\n    <li>\r\n     Passport Number</li>\r\n    <li>\r\n     Nationality</li>\r\n    <li>\r\n     Vietnamese Visa dates</li>\r\n   </ul>\r\n  </div>\r\n </div>\r\n <div class=\"mbm\">\r\n  <div class=\"strong\">\r\n   Terms and conditions</div>\r\n  If you cancel at least 5 day(s) in advance of the scheduled departure, there is no cancellation fee.<br />\r\n  If you cancel between 3 and 4 day(s) in advance of the scheduled departure, there is a 50 percent cancellation fee.<br />\r\n  If you cancel within 2 day(s) of the scheduled departure, there is a 100 percent cancellation fee.</div>\r\n <div class=\"mbm\">\r\n  <div class=\"strong\">\r\n   Voucher info</div>\r\n  You can present either a paper or an electronic voucher for this activity. <a href=\"http://www.viator.com/tours/Hanoi/Halong-Bay-Overnight-Junk-Boat-Cruise/d351-2514HAN_HBJ2DD#\" title=\"What\'s this?\">What\'s this?</a></div>\r\n <div class=\"mbm\">\r\n  <div class=\"strong\">\r\n   Local operator information</div>\r\n  Complete Operator information, including local telephone numbers at your destination, are included on your Confirmation Voucher. Our Product Managers select only the most experienced and reliable operators in each destination, removing the guesswork for you, and ensuring your peace of mind.</div>\r\n</div>');

/*Table structure for table `r_tour_rating` */

DROP TABLE IF EXISTS `r_tour_rating`;

CREATE TABLE `r_tour_rating` (
  `tour_rating_id` int(11) NOT NULL AUTO_INCREMENT,
  `tour_id` int(11) NOT NULL,
  `rating` tinyint(4) NOT NULL,
  `feedback` varchar(256) CHARACTER SET utf8 COLLATE utf8_unicode_ci DEFAULT NULL,
  `by_user_id` smallint(5) unsigned NOT NULL,
  PRIMARY KEY (`tour_rating_id`),
  KEY `FK_r_tour_rating_tour` (`tour_id`),
  KEY `FK_r_tour_rating_user` (`by_user_id`),
  CONSTRAINT `FK_r_tour_rating_tour` FOREIGN KEY (`tour_id`) REFERENCES `r_tour` (`tour_id`),
  CONSTRAINT `FK_r_tour_rating_user` FOREIGN KEY (`by_user_id`) REFERENCES `default_users` (`id`)
) ENGINE=InnoDB DEFAULT CHARSET=latin1;

/*Data for the table `r_tour_rating` */

/*Table structure for table `r_tour_review` */

DROP TABLE IF EXISTS `r_tour_review`;

CREATE TABLE `r_tour_review` (
  `tour_review_id` int(11) NOT NULL AUTO_INCREMENT,
  `tour_id` int(11) DEFAULT NULL,
  `review` varchar(2056) CHARACTER SET utf8 COLLATE utf8_unicode_ci NOT NULL,
  `review_by_id` smallint(6) NOT NULL,
  PRIMARY KEY (`tour_review_id`)
) ENGINE=InnoDB DEFAULT CHARSET=latin1;

/*Data for the table `r_tour_review` */

/*Table structure for table `r_tour_status` */

DROP TABLE IF EXISTS `r_tour_status`;

CREATE TABLE `r_tour_status` (
  `tour_status_id` varchar(16) CHARACTER SET utf8 COLLATE utf8_unicode_ci NOT NULL,
  `status_name` varchar(256) CHARACTER SET utf8 COLLATE utf8_unicode_ci NOT NULL,
  `description` varchar(1024) CHARACTER SET utf8 COLLATE utf8_unicode_ci NOT NULL,
  PRIMARY KEY (`tour_status_id`)
) ENGINE=InnoDB DEFAULT CHARSET=latin1;

/*Data for the table `r_tour_status` */

insert  into `r_tour_status`(`tour_status_id`,`status_name`,`description`) values ('A','Available','Tour is available for booking'),('C','Close','Tour is closed'),('S','Sold Out','Tour is sold out');

/*Table structure for table `r_tour_video` */

DROP TABLE IF EXISTS `r_tour_video`;

CREATE TABLE `r_tour_video` (
  `tour_video_id` int(11) NOT NULL AUTO_INCREMENT,
  `tour_id` int(11) NOT NULL,
  `video_id` int(11) NOT NULL,
  PRIMARY KEY (`tour_video_id`)
) ENGINE=InnoDB DEFAULT CHARSET=latin1;

/*Data for the table `r_tour_video` */

/*Table structure for table `r_traveler` */

DROP TABLE IF EXISTS `r_traveler`;

CREATE TABLE `r_traveler` (
  `traveler_id` int(11) NOT NULL AUTO_INCREMENT,
  `booking_tour_id` int(11) NOT NULL,
  `title` varchar(64) NOT NULL,
  `first_name` varchar(256) CHARACTER SET utf8 COLLATE utf8_unicode_ci NOT NULL,
  `last_name` varchar(256) CHARACTER SET utf8 COLLATE utf8_unicode_ci NOT NULL,
  `is_children` int(11) DEFAULT '0',
  `is_leader` int(11) NOT NULL,
  PRIMARY KEY (`traveler_id`)
) ENGINE=InnoDB AUTO_INCREMENT=78 DEFAULT CHARSET=latin1;

/*Data for the table `r_traveler` */

insert  into `r_traveler`(`traveler_id`,`booking_tour_id`,`title`,`first_name`,`last_name`,`is_children`,`is_leader`) values (56,33,'Mr','Tony','Nguyen',0,0),(57,33,'Mr','Kevin ','Le',0,0),(58,33,'Mr','Max','Nguyen',1,0),(59,34,'Mr','Kevin','Le',0,1),(60,34,'Mr','Ken ','Thien',0,0),(61,34,'Mr','Tony','Tin',1,0),(62,0,'Mr','Kevin','Le',0,1),(63,0,'Mr','Max','Tuong',0,0),(64,0,'Mr','Ken','Thien',1,0),(65,0,'Mrs','Sara Ngo','Nga',1,0),(66,0,'Mr','Bob','Nguyen',0,1),(67,0,'Mr','William','Bradshaw',0,0),(68,0,'Mr','Terrell','Casadra',0,0),(69,0,'Mr','Chuck','Palazo',1,0),(70,37,'Mr','Kevin','Le',0,1),(71,37,'Mr','Max','Tuong',0,0),(72,37,'Mr','Ken','Thien',1,0),(73,37,'Mrs','Sara Ngo','Nga',1,0),(74,38,'Mr','Bob','Nguyen',0,1),(75,38,'Mr','William','Bradshaw',0,0),(76,38,'Mr','Terrell','Casadra',0,0),(77,38,'Mr','Chuck','Palazo',1,0);

/*Table structure for table `r_video` */

DROP TABLE IF EXISTS `r_video`;

CREATE TABLE `r_video` (
  `video_id` int(11) NOT NULL AUTO_INCREMENT,
  `embed_code` varchar(2056) CHARACTER SET utf8 COLLATE utf8_unicode_ci NOT NULL,
  PRIMARY KEY (`video_id`)
) ENGINE=InnoDB DEFAULT CHARSET=latin1;

/*Data for the table `r_video` */

/*Table structure for table `r_wishlist` */

DROP TABLE IF EXISTS `r_wishlist`;

CREATE TABLE `r_wishlist` (
  `wishlist_id` int(11) NOT NULL,
  `user_id` int(11) NOT NULL,
  `tour_id` int(11) NOT NULL,
  PRIMARY KEY (`wishlist_id`)
) ENGINE=MyISAM DEFAULT CHARSET=latin1;

/*Data for the table `r_wishlist` */

/*!40101 SET SQL_MODE=@OLD_SQL_MODE */;
/*!40014 SET FOREIGN_KEY_CHECKS=@OLD_FOREIGN_KEY_CHECKS */;
/*!40014 SET UNIQUE_CHECKS=@OLD_UNIQUE_CHECKS */;
/*!40111 SET SQL_NOTES=@OLD_SQL_NOTES */;
